family,cap_percentile,cap_value_mean,cap_times_density,pruning_pct
L-NP,10,1.0673774917863703,0.5336887458931852,50
L-NP,10,1.3342218647329627,0.533688745893185,60
L-NP,10,1.7789624863106168,0.5336887458931852,70
L-NP,10,2.668443729465926,0.533688745893185,80
L-NP,20,1.3690396221211034,0.6845198110605517,50
L-NP,20,1.7112995276513794,0.6845198110605518,60
L-NP,20,2.281732703535172,0.6845198110605518,70
L-NP,20,3.4225990553027597,0.6845198110605518,80
L-NP,30,1.6676754012966246,0.8338377006483123,50
L-NP,30,2.0845942516207807,0.8338377006483123,60
L-NP,30,2.779459002161041,0.8338377006483123,70
L-NP,30,4.169188503241562,0.8338377006483123,80
L-NP,40,2.0199308538962053,1.0099654269481027,50
L-NP,40,2.5249135673702563,1.0099654269481027,60
L-NP,40,3.3665514231603417,1.0099654269481027,70
L-NP,40,5.049827134740514,1.0099654269481027,80
L-NP,50,2.4829109600195896,1.2414554800097948,50
L-NP,50,3.1036387000244865,1.2414554800097948,60
L-NP,50,4.138184933365982,1.2414554800097948,70
L-NP,50,6.207277400048975,1.2414554800097948,80
L-NP,60,3.151942964393192,1.575971482196596,50
L-NP,60,3.93992870549149,1.575971482196596,60
L-NP,60,5.253238273988654,1.5759714821965962,70
L-NP,60,7.879857410982983,1.5759714821965962,80
L-NP,70,4.246383707234503,2.1231918536172514,50
L-NP,70,5.307979634043128,2.1231918536172514,60
L-NP,70,7.07730617872417,2.1231918536172514,70
L-NP,70,10.61595926808626,2.1231918536172514,80
L-NP,80,6.405742579390955,3.2028712896954774,50
L-NP,80,8.007178224238693,3.2028712896954774,60
L-NP,80,10.676237632318257,3.202871289695478,70
L-NP,80,16.01435644847739,3.2028712896954774,80
L-NP,90,12.821024267121073,6.410512133560537,50
L-NP,90,16.02628033390134,6.410512133560537,60
L-NP,90,21.36837377853512,6.410512133560537,70
L-NP,90,32.05256066780269,6.410512133560537,80
S-NP,10,1.0114429468853954,0.5057214734426977,50
S-NP,10,1.2562009910583094,0.5024803964233238,60
S-NP,10,1.6749346547444124,0.5024803964233238,70
S-NP,10,2.5124019821166197,0.5024803964233238,80
S-NP,20,1.2896504101083441,0.6448252050541721,50
S-NP,20,1.61206301263543,0.6448252050541721,60
S-NP,20,2.149417350180573,0.6448252050541721,70
S-NP,20,3.224126025270861,0.6448252050541721,80
S-NP,30,1.5779988832839975,0.7889994416419988,50
S-NP,30,1.9724986041049968,0.7889994416419988,60
S-NP,30,2.6299981388066622,0.7889994416419988,70
S-NP,30,3.9449972082099944,0.7889994416419988,80
S-NP,40,1.920410269580064,0.960205134790032,50
S-NP,40,2.40051283697508,0.960205134790032,60
S-NP,40,3.200683782633439,0.960205134790032,70
S-NP,40,4.801025673950161,0.960205134790032,80
S-NP,50,2.3686623680964725,1.1843311840482362,50
S-NP,50,2.9608279601205907,1.1843311840482362,60
S-NP,50,3.9477706134941206,1.1843311840482365,70
S-NP,50,5.921655920241182,1.1843311840482362,80
S-NP,60,3.014652399565495,1.5073261997827474,50
S-NP,60,3.768315499456868,1.5073261997827474,60
S-NP,60,5.024420665942491,1.5073261997827474,70
S-NP,60,7.53663099891374,1.5073261997827474,80
S-NP,70,4.070036959861532,2.035018479930766,50
S-NP,70,5.087546199826914,2.035018479930766,60
S-NP,70,6.783394933102553,2.035018479930766,70
S-NP,70,10.175092399653831,2.035018479930766,80
S-NP,80,6.149591789288256,3.074795894644128,50
S-NP,80,7.686989736610321,3.074795894644128,60
S-NP,80,10.24931964881376,3.0747958946441285,70
S-NP,80,15.373979473220645,3.074795894644128,80
S-NP,90,12.334716405244524,6.167358202622262,50
S-NP,90,15.418395506555653,6.167358202622262,60
S-NP,90,20.55786067540754,6.167358202622263,70
S-NP,90,30.83679101311132,6.167358202622262,80
