method,pruning_pct,n_networks,sequence_retention_mean,floor_corrected_mean,floor_corrected_sd,floor_corrected_sem,networks_at_or_below_chance,vs_chance_wilcoxon_p,vs_chance_verdict_uncorrected,vs_chance_holm_p,vs_chance_family_size,vs_chance_verdict_holm
L-NP mask,50,24,0.7819956104794148,0.7578542238288696,0.1863223262016252,0.03803288557353186,0,1.1920928955078125e-07,above chance,8.344650268554688e-07,7,above chance
L-NP rescale,50,24,0.9126139180803964,0.9033968592053926,0.11284226637463855,0.023033831169757022,0,1.1920928955078125e-07,above chance,8.344650268554688e-07,7,above chance
Magnitude,50,24,0.747875582817194,0.7205004332347974,0.16770581867712847,0.03423280688789015,0,1.1920928955078125e-07,above chance,8.344650268554688e-07,7,above chance
OBS compensated,50,24,0.9301321716394021,0.9227855505215768,0.08592935238010499,0.01754025560492237,0,1.1920928955078125e-07,above chance,8.344650268554688e-07,7,above chance
Random,50,24,0.05537975825364749,-0.05043625795759218,0.03614668043552689,0.007378410246873709,23,2.384185791015625e-07,below chance,8.344650268554688e-07,7,below chance
S-NP mask,50,24,0.8751708163155655,0.8616766271996864,0.09938501924037549,0.020286882101300717,0,1.1920928955078125e-07,above chance,8.344650268554688e-07,7,above chance
S-NP rescale,50,24,0.9171891543674398,0.9083904370907906,0.075503476563631,0.015412082615590354,0,1.1920928955078125e-07,above chance,8.344650268554688e-07,7,above chance
L-NP mask,60,24,0.43888428141297614,0.3775402601600337,0.20107279901327074,0.04104381322797585,0,1.1920928955078125e-07,above chance,8.344650268554688e-07,7,above chance
L-NP rescale,60,24,0.7997991671220479,0.7787229469517066,0.18847201486364132,0.03847168893418068,0,1.1920928955078125e-07,above chance,8.344650268554688e-07,7,above chance
Magnitude,60,24,0.4164201981991287,0.35312382106730417,0.2004398017795605,0.04091460320871058,0,1.1920928955078125e-07,above chance,8.344650268554688e-07,7,above chance
OBS compensated,60,24,0.7251308957179954,0.6952657676611423,0.1653570415407441,0.033753364762585385,0,1.1920928955078125e-07,above chance,8.344650268554688e-07,7,above chance
Random,60,24,0.06433457129679064,-0.040523553578474515,0.050432952610414014,0.01029458334312327,17,0.002814650535583496,below chance,0.002814650535583496,7,below chance
S-NP mask,60,24,0.5818444804781049,0.53752703774753,0.23068768817474933,0.047088927164201065,0,1.1920928955078125e-07,above chance,8.344650268554688e-07,7,above chance
S-NP rescale,60,24,0.8095279634034518,0.7895942556773093,0.1554559278690631,0.031732308397509304,0,1.1920928955078125e-07,above chance,8.344650268554688e-07,7,above chance
L-NP mask,70,24,0.19137533743793833,0.1023446548013438,0.15490144393816288,0.03161912483906946,7,0.00433504581451416,above chance,0.00867009162902832,7,above chance
L-NP rescale,70,24,0.5808041980979108,0.5363625728177674,0.2842579861229745,0.05802391844270242,0,1.1920928955078125e-07,above chance,8.344650268554688e-07,7,above chance
Magnitude,70,24,0.18831976235975403,0.09888922962804313,0.14567305394130936,0.029735387619094826,4,0.0009626150131225586,above chance,0.0028878450393676758,7,above chance
OBS compensated,70,24,0.38170184467374096,0.3136164389748845,0.21770435384857342,0.04443871514261001,0,1.1920928955078125e-07,above chance,8.344650268554688e-07,7,above chance
Random,70,24,0.07696377055817534,-0.026734934925452977,0.052694114032509946,0.010756140985640022,14,0.28966712951660156,indistinguishable from chance,0.28966712951660156,7,indistinguishable from chance
S-NP mask,70,24,0.30266356199965844,0.22712438621806297,0.24379611535658785,0.04976467365802887,3,8.344650268554688e-06,above chance,3.337860107421875e-05,7,above chance
S-NP rescale,70,24,0.5964377786653615,0.5539251863600437,0.27476296168593406,0.05608575469553524,0,1.1920928955078125e-07,above chance,8.344650268554688e-07,7,above chance
L-NP mask,80,24,0.0962769100310149,-0.004343907043721582,0.061867391523268575,0.012628628412416444,15,0.6431422233581543,indistinguishable from chance,0.9463315010070801,7,indistinguishable from chance
L-NP rescale,80,24,0.3776866569550867,0.3107336371203573,0.360081248729564,0.07350127711096878,1,2.384185791015625e-07,above chance,1.430511474609375e-06,7,above chance
Magnitude,80,24,0.08711283203347597,-0.014590158997240575,0.05939663790158812,0.012124287941312222,18,0.27681541442871094,indistinguishable from chance,0.8304462432861328,7,indistinguishable from chance
OBS compensated,80,24,0.13732560057847806,0.04185938526173355,0.13006879964418264,0.02655018254871214,11,0.47316575050354004,indistinguishable from chance,0.9463315010070801,7,indistinguishable from chance
Random,80,24,0.06294450827477685,-0.04248199477941663,0.047980928650709596,0.00979406604826039,21,0.0009626150131225586,below chance,0.004813075065612793,7,below chance
S-NP mask,80,24,0.146875214692957,0.05243452261640084,0.11746745569123519,0.023977943985543173,7,0.04248917102813721,above chance,0.16995668411254883,7,indistinguishable from chance
S-NP rescale,80,24,0.38180097205665736,0.3151995715556826,0.3409455006690767,0.06959520889474823,0,1.1920928955078125e-07,above chance,8.344650268554688e-07,7,above chance
