method,pruning_pct,nonzero_offdiag_edges,edge_fraction_retained,abs_weight_fraction_retained
L-NP mask,50,130816.0,0.5,0.7813643157976932
L-NP rescale,50,117774.38888888889,0.4501528440285932,1.0026345248349355
Magnitude,50,131072.0,0.5009784735812133,0.7860331617579651
OBS compensated,50,131072.0,0.5009784735812133,0.7971101011980599
Random,50,130813.33333333333,0.49998980756686234,0.5010498303870081
S-NP mask,50,130816.0,0.5,0.7800228306919548
S-NP rescale,50,121906.06944444444,0.46594479820681123,1.0027655220411973
L-NP mask,60,104653.0,0.40000076443248533,0.6812698901928201
L-NP rescale,60,97212.70833333333,0.37156276118109915,1.002302134449579
Magnitude,60,104858.0,0.4007843077299413,0.6876463025063847
OBS compensated,60,104858.0,0.4007843077299413,0.7068509972095669
Random,60,104648.55555555556,0.39998377704392263,0.4007970807045665
S-NP mask,60,104653.0,0.40000076443248533,0.679660421170075
S-NP rescale,60,101043.48611111111,0.3862046160680311,1.0029218509651492
L-NP mask,70,78490.0,0.30000152886497067,0.5596154715175837
L-NP rescale,70,74586.84722222222,0.2850830449724125,1.00226079427791
Magnitude,70,78643.0,0.30058631971624267,0.5679728119452117
OBS compensated,70,78643.0,0.30058631971624267,0.5952347212544423
Random,70,78485.44444444444,0.29998411679169384,0.3005566742001874
S-NP mask,70,78490.0,0.30000152886497067,0.5580537426183093
S-NP rescale,70,77452.66666666667,0.29603667237442927,1.0030153026601627
L-NP mask,80,52326.0,0.19999847113502936,0.41295905147472955
L-NP rescale,80,50707.791666666664,0.19381341604492824,1.0024893286607892
Magnitude,80,52429.0,0.20039215386497064,0.4236636764986024
OBS compensated,80,52429.0,0.20039215386497064,0.45518328462475677
Random,80,52323.666666666664,0.19998955275603392,0.20036693827865798
S-NP mask,80,52326.0,0.19999847113502936,0.4124213970588304
S-NP rescale,80,52181.916666666664,0.19944776123206132,1.0030254642595589
