method,pruning_pct,n_networks,n_above_unpruned,max_retention
L-NP mask,50,24,1,1.1605644501577657
L-NP rescale,50,24,4,1.082696427875813
Magnitude,50,24,1,1.0648767091270306
OBS compensated,50,24,3,1.1672315063690546
Random,50,24,0,0.1231584277979041
S-NP mask,50,24,2,1.0651377040239958
S-NP rescale,50,24,1,1.0203463226625715
L-NP mask,60,24,0,0.8058382074085944
L-NP rescale,60,24,2,1.032262085621908
Magnitude,60,24,0,0.7863258820073177
OBS compensated,60,24,1,1.0497954890732732
Random,60,24,0,0.1448210042460363
S-NP mask,60,24,0,0.97231845462544
S-NP rescale,60,24,1,1.0635561528573096
L-NP mask,70,24,0,0.4839889966081777
L-NP rescale,70,24,0,0.9995976105903196
Magnitude,70,24,0,0.4715339628116698
OBS compensated,70,24,0,0.8546590818043425
Random,70,24,0,0.1429102878734758
S-NP mask,70,24,0,0.8423365104875852
S-NP rescale,70,24,0,0.9869917830658156
L-NP mask,80,24,0,0.2191901604946538
L-NP rescale,80,24,0,0.9694077219596008
Magnitude,80,24,0,0.216355275787406
OBS compensated,80,24,0,0.47501535667548
Random,80,24,0,0.1104884330415473
S-NP mask,80,24,0,0.4579213077672865
S-NP rescale,80,24,0,0.9664734841403376
