method_family,method,amount,task,source_model_label,pruning_seed,score_batch_seed,positive_prob_count,rescale_min,rescale_mean,rescale_std,rescale_q50,rescale_q75,rescale_q90,rescale_q95,rescale_q99,rescale_q999,rescale_max,frac_rescale_gt10,frac_rescale_gt20,score_sum,score_max,scale_factor,capped_probs,sigma_used,adaptive_shift,adaptive_attempt
S-NP,S-NP rescale,0.8,modcog:ctxdlydm1intseq,ctxdlydm1intseq_tanh_h512_12k_lr0006_seqbest_no_l2_seed0,0,100000,261632,1.0,198.15834959989263,76836.44330589997,6.144612916233507,12.830720174308565,32.36129715652756,64.63773439615088,325.6430214624653,3235.656771440266,39251735.97675131,0.3184663955479452,0.16124556629158512,51898.42430438047,1.0,0.0016643813820698108,1432,0.4171620296045162,nan,-1
S-NP,S-NP rescale,0.8,modcog:ctxdlydm1intseq,ctxdlydm1intseq_tanh_h512_12k_lr0006_seqbest_no_l2_seed0,1,100001,261632,1.0,200.35863683653687,78025.3610054035,6.142762936272469,12.83357496479254,32.36655971385064,64.66172223867052,323.9575296957748,3257.0359627069047,39861565.94340707,0.318577238258317,0.16122645547945205,51900.27904971761,1.0,0.0016638311575235113,1425,0.41699431016352495,nan,-1
S-NP,S-NP rescale,0.8,modcog:ctxdlydm1intseq,ctxdlydm1intseq_tanh_h512_12k_lr0006_seqbest_no_l2_seed0,2,100002,261632,1.0,199.0751861678866,77308.54046448586,6.143183512166581,12.830881031659901,32.34598842556373,64.55771897066138,324.24262885363066,3233.0472690467745,39493191.778384715,0.31856194960861056,0.16120734466731898,51902.87157621937,1.0,0.0016656964885748944,1422,0.41721258589386473,nan,-1
S-NP,S-NP rescale,0.8,modcog:ctxdlydm1intseq,ctxdlydm1intseq_tanh_h512_12k_lr0006_seqbest_no_l2_seed1,0,100000,261632,1.0,38.58317722837322,1493.7561999041657,6.059647843031742,12.685827384143089,31.9201137746719,64.77960489782939,314.82171766510237,3089.1879267580625,591535.1620489279,0.3152748899217221,0.15968994618395305,52155.27395614127,1.0,0.0015840283692510602,730,0.3824322682986727,nan,-1
S-NP,S-NP rescale,0.8,modcog:ctxdlydm1intseq,ctxdlydm1intseq_tanh_h512_12k_lr0006_seqbest_no_l2_seed1,1,100001,261632,1.0,38.59196081818383,1487.7249571999241,6.060590544007589,12.685594150487615,31.923350250847214,64.7303114931641,313.98365934769595,3084.52639241802,587005.9859998397,0.31545835371819964,0.15972434564579258,52156.0555632752,1.0,0.0015826736531689514,724,0.38239023720059895,nan,-1
S-NP,S-NP rescale,0.8,modcog:ctxdlydm1intseq,ctxdlydm1intseq_tanh_h512_12k_lr0006_seqbest_no_l2_seed1,2,100002,261632,1.0,38.612902360755946,1497.9276866051846,6.059992080048439,12.683377268628934,31.922506785221838,64.76784714083546,314.27523442698526,3081.821373656882,594862.1215946524,0.3151946245107632,0.15975110078277888,52156.460802155954,1.0,0.0015839651744631745,726,0.38229930404970713,nan,-1
S-NP,S-NP rescale,0.8,modcog:ctxdlydm1intseq,ctxdlydm1intseq_tanh_h512_12k_lr0006_seqbest_no_l2_seed2,0,100000,261632,1.0,147.26378479401941,55773.930621221785,5.945812487462121,12.411883995314898,31.208274558940417,62.1963324391176,306.85839905035954,3148.5432139572,28515127.881146282,0.30742416829745595,0.15567667563600782,52235.8448811039,1.0,0.0017736799647543617,460,0.5322636445430098,nan,-1
S-NP,S-NP rescale,0.8,modcog:ctxdlydm1intseq,ctxdlydm1intseq_tanh_h512_12k_lr0006_seqbest_no_l2_seed2,1,100001,261632,1.0,145.9448279055044,55083.86859430936,5.946419341359254,12.409525173320288,31.190316189583665,62.24114339840033,306.65333346659037,3135.8738934317703,28161893.882800225,0.3074700342465753,0.15563463184931506,52236.63302126771,1.0,0.0017714592626923101,462,0.5324400116855396,nan,-1
S-NP,S-NP rescale,0.8,modcog:ctxdlydm1intseq,ctxdlydm1intseq_tanh_h512_12k_lr0006_seqbest_no_l2_seed2,2,100002,261632,1.0,146.1747018428738,55210.525414080126,5.945288265999619,12.403379720661421,31.22039455663521,62.25463949513328,306.33713182725523,3112.286257254899,28226662.306253124,0.30739359099804303,0.15563080968688844,52237.50731790231,1.0,0.001773304025977928,463,0.5326850169185822,nan,-1
S-NP,S-NP rescale,0.8,modcog:ctxdlydm2intseq,ctxdlydm2intseq_tanh_h512_12k_lr0006_seqbest_no_l2_seed0,0,100000,261632,1.0,47.68183833598616,3066.3852150217044,6.0405384856503925,12.669689814524213,32.28079188732682,65.00609715635893,324.03986359839473,3391.182837750559,949221.5299578329,0.3153016450587084,0.15956763698630136,52132.93310837612,1.0,0.0015519264003407036,738,0.3458394574072657,nan,-1
S-NP,S-NP rescale,0.8,modcog:ctxdlydm2intseq,ctxdlydm2intseq_tanh_h512_12k_lr0006_seqbest_no_l2_seed0,1,100001,261632,1.0,47.56207576512436,3035.797392463752,6.040786173334043,12.67799737073085,32.25625195350249,64.96811398991511,324.7460295707587,3395.5638777086765,944693.9312229704,0.31529017857142855,0.15958292563600782,52131.774437756685,1.0,0.0015513223871785435,743,0.3457206497061612,nan,-1
S-NP,S-NP rescale,0.8,modcog:ctxdlydm2intseq,ctxdlydm2intseq_tanh_h512_12k_lr0006_seqbest_no_l2_seed0,2,100002,261632,1.0,47.70987414916906,3068.3034966815558,6.039844932366263,12.676489470793326,32.24843016713322,64.90257678925144,324.9017132629346,3407.288573808272,945384.2238708038,0.31507231531311153,0.1594988380626223,52135.92528025428,1.0,0.0015530575355409818,735,0.34575694283657077,nan,-1
S-NP,S-NP rescale,0.8,modcog:ctxdlydm2intseq,ctxdlydm2intseq_tanh_h512_12k_lr0006_seqbest_no_l2_seed1,0,100000,261632,1.0,857.0122448497152,418770.1959329878,6.0700594532697405,12.731652218139477,31.753244480131226,63.11747399836799,311.9103707645945,2917.726545736505,214199349.45318526,0.3157679488747554,0.15959821428571427,52145.322335366785,1.0,0.0015868057459155014,745,0.34864885576377014,nan,-1
S-NP,S-NP rescale,0.8,modcog:ctxdlydm2intseq,ctxdlydm2intseq_tanh_h512_12k_lr0006_seqbest_no_l2_seed1,1,100001,261632,1.0,858.4819599220123,419467.3132639199,6.077443310447363,12.744243319298754,31.75130024238229,63.12523744673607,312.8869387431454,2923.679682577615,214555862.17398137,0.31588261374755383,0.15964408023483365,52144.85910393128,1.0,0.0015816710371687336,754,0.3487599604976314,nan,-1
S-NP,S-NP rescale,0.8,modcog:ctxdlydm2intseq,ctxdlydm2intseq_tanh_h512_12k_lr0006_seqbest_no_l2_seed1,2,100002,261632,1.0,862.9225841217337,421764.43963571417,6.072756408546285,12.74087162879391,31.747990346416227,63.19831247458821,312.6075558381306,2913.8187797900355,215730896.14940915,0.31580234833659493,0.15962496942270057,52145.69347371598,1.0,0.0015850960792558259,743,0.3484919936256979,nan,-1
S-NP,S-NP rescale,0.8,modcog:ctxdlydm2intseq,ctxdlydm2intseq_tanh_h512_12k_lr0006_seqbest_no_l2_seed2,0,100000,261632,1.0,46.61124253572655,3231.6507471738405,5.942768696751715,12.281804741521878,31.0860695318857,62.2677981625689,302.2807904213528,2883.705467501089,1234343.1736869744,0.30577681629158515,0.15509188478473582,52220.15378115268,1.0,0.001697794701033213,495,0.41226491509155977,nan,-1
S-NP,S-NP rescale,0.8,modcog:ctxdlydm2intseq,ctxdlydm2intseq_tanh_h512_12k_lr0006_seqbest_no_l2_seed2,1,100001,261632,1.0,46.64575233743791,3240.012469355983,5.9407601119167115,12.286499375240847,31.06176538191312,62.26257907298941,302.79280964795345,2897.0002294987407,1242354.5353891726,0.30590676981409004,0.15499633072407046,52220.602821449334,1.0,0.001698324822004468,487,0.4121723982885666,nan,-1
S-NP,S-NP rescale,0.8,modcog:ctxdlydm2intseq,ctxdlydm2intseq_tanh_h512_12k_lr0006_seqbest_no_l2_seed2,2,100002,261632,1.0,46.68050877518802,3271.893415785107,5.944544316433431,12.273212164413213,31.054524031523236,62.209908250421215,302.83603995870936,2893.4885417074915,1262783.4168510933,0.30582650440313114,0.15498486423679061,52221.10143961409,1.0,0.001699077878890594,486,0.412310500405375,nan,-1
S-NP,S-NP rescale,0.8,modcog:dlydm1intseq,dlydm1intseq_tanh_h512_12k_lr0006_seqbest_no_l2_seed0,0,100000,261632,1.0,35.263165043599685,941.2729026468404,6.00751264747224,12.494485750205625,31.477676676791706,63.699413492670566,325.2218861517064,3165.747216511913,237783.4246472323,0.3111545988258317,0.15681950220156557,52204.14093937539,1.0,0.0015796160916381958,596,0.4088095166747149,nan,-1
S-NP,S-NP rescale,0.8,modcog:dlydm1intseq,dlydm1intseq_tanh_h512_12k_lr0006_seqbest_no_l2_seed0,1,100001,261632,1.0,35.25949870676769,938.8476308735599,6.004309656863444,12.484930350358596,31.42548550896697,63.65772212534309,325.64536874879576,3183.3727544002845,237994.7690097888,0.3109176247553816,0.15678892490215265,52205.79283546733,1.0,0.0015796448067460275,594,0.4087461647070474,nan,-1
S-NP,S-NP rescale,0.8,modcog:dlydm1intseq,dlydm1intseq_tanh_h512_12k_lr0006_seqbest_no_l2_seed0,2,100002,261632,1.0,35.261927577236406,941.5050096128646,6.0049050948822,12.482921770314615,31.45243831979843,63.64075307942027,325.34886313932566,3159.1012145156506,237527.15691950484,0.3111049107142857,0.15680803571428573,52205.04948470248,1.0,0.0015822172140178537,596,0.4088876635167098,nan,-1
S-NP,S-NP rescale,0.8,modcog:dlydm1intseq,dlydm1intseq_tanh_h512_12k_lr0006_seqbest_no_l2_seed1,0,100000,261632,1.0,107.32444286639958,33767.255955770386,6.261375464230406,13.111074518499516,33.122411153175314,65.65422931946785,327.05084424079115,3103.1491035195713,17222616.300403494,0.32468123165362034,0.16533528008806261,51733.46903612586,1.0,0.0015549270447465689,1665,0.31638250228996795,nan,-1
S-NP,S-NP rescale,0.8,modcog:dlydm1intseq,dlydm1intseq_tanh_h512_12k_lr0006_seqbest_no_l2_seed1,1,100001,261632,1.0,107.90213550342587,34095.959283644974,6.260964607217234,13.106533515721825,33.12693895507368,65.64675137397626,326.84329715080287,3111.788675980387,17392629.901482485,0.32468505381604695,0.16525883683953033,51736.742663005716,1.0,0.0015552794585981732,1670,0.31631158912579826,nan,-1
S-NP,S-NP rescale,0.8,modcog:dlydm1intseq,dlydm1intseq_tanh_h512_12k_lr0006_seqbest_no_l2_seed1,2,100002,261632,1.0,107.7860666682367,34048.39497264032,6.2573145798295045,13.108826562231592,33.12681071007243,65.69727601027202,327.0995268368521,3092.4088284782706,17368153.132999822,0.3246774094911937,0.16524737035225048,51735.70937898223,1.0,0.0015561027411361227,1673,0.3164974352022548,nan,-1
S-NP,S-NP rescale,0.8,modcog:dlydm1intseq,dlydm1intseq_tanh_h512_12k_lr0006_seqbest_no_l2_seed2,0,100000,261632,1.0,104.03680246026546,24728.073488574428,6.117954197813486,12.819888421070326,32.24760664216207,64.34673933942369,327.17323479840474,3379.0712094293935,11815084.403797539,0.3182829317514677,0.16125321061643835,52013.25569038093,1.0,0.0016233874143303044,1109,0.376424425862259,nan,-1
S-NP,S-NP rescale,0.8,modcog:dlydm1intseq,dlydm1intseq_tanh_h512_12k_lr0006_seqbest_no_l2_seed2,1,100001,261632,1.0,103.35903382521869,24424.616093343364,6.116383519344162,12.815976771913693,32.22575754211419,64.4219869195903,327.63544940512537,3398.0862654556076,11649496.381450864,0.3184319960861057,0.1613181873776908,52010.54907423106,1.0,0.0016236570925174734,1114,0.3764954216127573,nan,-1
S-NP,S-NP rescale,0.8,modcog:dlydm1intseq,dlydm1intseq_tanh_h512_12k_lr0006_seqbest_no_l2_seed2,2,100002,261632,1.0,102.94825641358345,24279.647983964376,6.116510029300248,12.81382359454682,32.25528281206494,64.43926620347227,327.104600522104,3377.066927810239,11590322.61948202,0.31824471012720157,0.16136405332681017,52012.53472846446,1.0,0.0016222621459725916,1106,0.37670896047974606,nan,-1
S-NP,S-NP rescale,0.8,modcog:dlydm2intseq,dlydm2intseq_tanh_h512_12k_lr0006_seqbest_no_l2_seed0,0,100000,261632,1.0,42.354369487439094,1849.5808345777766,6.052338295386673,12.599505228027345,31.527481894392494,63.20321380800605,317.3559013170746,3174.9936021648114,495070.88535736053,0.31266817514677103,0.15742340386497064,52144.50097293162,1.0,0.001584691449169208,783,0.39310264632660985,nan,-1
S-NP,S-NP rescale,0.8,modcog:dlydm2intseq,dlydm2intseq_tanh_h512_12k_lr0006_seqbest_no_l2_seed0,1,100001,261632,1.0,42.29621298841357,1840.3751171363326,6.053194750328752,12.595587712072456,31.524349828126958,63.18895082191351,317.00413643487093,3202.3777498564796,492619.7851021627,0.31256879892367906,0.15731256115459882,52146.15195482871,1.0,0.0015845690385529298,779,0.3935012629788066,nan,-1
S-NP,S-NP rescale,0.8,modcog:dlydm2intseq,dlydm2intseq_tanh_h512_12k_lr0006_seqbest_no_l2_seed0,2,100002,261632,1.0,42.35071465477991,1843.6189262427963,6.052708975653322,12.599591515619805,31.5378870763287,63.164245864351045,318.0655994263081,3183.643769407164,488789.944082114,0.3125458659491194,0.15747309197651663,52144.86102070175,1.0,0.0015837014655713901,780,0.39336154419014424,nan,-1
S-NP,S-NP rescale,0.8,modcog:dlydm2intseq,dlydm2intseq_tanh_h512_12k_lr0006_seqbest_no_l2_seed1,0,100000,261632,1.0,38.14233764077395,1473.547233271349,6.003647920791684,12.531126973088563,31.625653407795216,64.26453973312701,334.8233818777707,3294.700493819215,594192.2641034339,0.31155210371819964,0.15737753791585127,52122.331380796015,1.0,0.0018246164195000838,891,0.6070888458180647,nan,-1
S-NP,S-NP rescale,0.8,modcog:dlydm2intseq,dlydm2intseq_tanh_h512_12k_lr0006_seqbest_no_l2_seed1,1,100001,261632,1.0,38.15170925357742,1474.9981123134135,6.002244219424633,12.532145164029803,31.630907047961763,64.2621144360672,335.00266143388404,3298.8198161942987,594098.6009948261,0.3113915728962818,0.1572552287181996,52123.39697845352,1.0,0.0018274544309810885,874,0.6075861172896948,nan,-1
S-NP,S-NP rescale,0.8,modcog:dlydm2intseq,dlydm2intseq_tanh_h512_12k_lr0006_seqbest_no_l2_seed1,2,100002,261632,1.0,38.14421635599275,1472.5638928185526,6.001289451606085,12.525084987630313,31.577874301881817,64.21027898801601,334.2611286681229,3299.6460314487385,593436.4071938936,0.3112883745107632,0.15725905088062622,52124.185218677834,1.0,0.0018279957651230736,870,0.6073842003175605,nan,-1
S-NP,S-NP rescale,0.8,modcog:dlydm2intseq,dlydm2intseq_tanh_h512_12k_lr0006_seqbest_no_l2_seed2,0,100000,261632,1.0,91.993331685461,23603.1985126942,5.987838495034719,12.51574917639516,31.564748917909625,63.91101112323852,317.9467430139143,3345.355038549282,11991692.54313274,0.31096349070450097,0.1577521098336595,52228.79566896807,1.0,0.0016642657485205702,482,0.46563398754148666,nan,-1
S-NP,S-NP rescale,0.8,modcog:dlydm2intseq,dlydm2intseq_tanh_h512_12k_lr0006_seqbest_no_l2_seed2,1,100001,261632,1.0,91.32149321640811,23248.668547447975,5.9866408407172065,12.514823405238422,31.561699224014554,63.87796981313582,318.07932454950196,3306.4462912892805,11808696.613488022,0.3111584209882583,0.15771006604696672,52229.03773420795,1.0,0.0016632943935293958,480,0.46572020797945285,nan,-1
S-NP,S-NP rescale,0.8,modcog:dlydm2intseq,dlydm2intseq_tanh_h512_12k_lr0006_seqbest_no_l2_seed2,2,100002,261632,1.0,91.90661009039178,23572.141071648864,5.987099851788212,12.513943720557574,31.55353511392786,63.80624219163478,317.94507343184836,3310.860089658753,11977029.129216816,0.31107051125244617,0.1576794887475538,52229.95811013515,1.0,0.0016637693599413428,488,0.4658000210621276,nan,-1
S-NP,S-NP rescale,0.8,modcog:dm1seqr,dm1seqr_tanh_h512_12k_lr0006_seqbest_no_l2_seed0,0,100000,261632,1.0,108.7337765352109,35899.19392255263,5.6995299335717,11.65325283676535,29.196876547363246,59.03082230249677,291.8650406327397,3056.4033431389066,18347791.97306047,0.29087038282778865,0.14649584148727984,52281.31065128216,1.0,0.002074090725597824,251,0.9955601508885885,nan,-1
S-NP,S-NP rescale,0.8,modcog:dm1seqr,dm1seqr_tanh_h512_12k_lr0006_seqbest_no_l2_seed0,1,100001,261632,1.0,108.71939572570903,35901.39072555021,5.700755592970955,11.65487427961119,29.18217502436819,59.02878921837229,291.79260622272125,3075.898620485839,18349012.45477794,0.2907213184931507,0.14653024094911937,52281.18433570705,1.0,0.0020728821126757002,247,0.9957007913755875,nan,-1
S-NP,S-NP rescale,0.8,modcog:dm1seqr,dm1seqr_tanh_h512_12k_lr0006_seqbest_no_l2_seed0,2,100002,261632,1.0,109.07989115641811,36071.51613922397,5.69872535587897,11.660180276564542,29.184857426092528,59.035400488146365,291.72634216165443,3065.402393897485,18436020.353413187,0.2908589163405088,0.14652259662426614,52280.924951344474,1.0,0.0020738347470276044,248,0.9954161551630809,nan,-1
S-NP,S-NP rescale,0.8,modcog:dm1seqr,dm1seqr_tanh_h512_12k_lr0006_seqbest_no_l2_seed1,0,100000,261632,1.0,34.854217273476074,1074.5398691792352,5.653413112105355,11.419252856359774,28.72556448344733,57.58714912477861,291.8702085904379,3038.3860047959283,363882.4617458386,0.2856607754403131,0.14335402397260275,52303.97108997409,1.0,0.0018850844410713856,169,0.7429696872348609,nan,-1
S-NP,S-NP rescale,0.8,modcog:dm1seqr,dm1seqr_tanh_h512_12k_lr0006_seqbest_no_l2_seed1,1,100001,261632,1.0,34.81129482494352,1067.9449928678685,5.653336245477264,11.422607511740484,28.724034507744914,57.60759824818682,291.5828793817758,3041.994693651179,362263.2909748808,0.2856340203033268,0.14343046722113503,52303.960102805955,1.0,0.0018837631591818221,169,0.7424203168931821,nan,-1
S-NP,S-NP rescale,0.8,modcog:dm1seqr,dm1seqr_tanh_h512_12k_lr0006_seqbest_no_l2_seed1,2,100002,261632,1.0,34.856284390420214,1072.0056894676095,5.656636460415795,11.415221914346539,28.736906702226023,57.63661635685421,290.9294307206625,3056.010559429211,361709.12273776357,0.28570664138943247,0.14343046722113503,52303.90661099761,1.0,0.0018837454523637233,174,0.7427556973817858,nan,-1
S-NP,S-NP rescale,0.8,modcog:dm1seqr,dm1seqr_tanh_h512_12k_lr0006_seqbest_no_l2_seed2,0,100000,261632,1.0,37.93367588760211,3744.242331930346,5.677835596303741,11.571386679921527,29.076268269397513,58.0681647672406,289.7454066219973,2693.1664825195758,1874171.1371669467,0.2888828583659491,0.1452421722113503,52294.75187661266,1.0,0.002011590121458023,197,0.8746782500640531,nan,-1
S-NP,S-NP rescale,0.8,modcog:dm1seqr,dm1seqr_tanh_h512_12k_lr0006_seqbest_no_l2_seed2,1,100001,261632,1.0,37.99489570364387,3772.7870947257634,5.6787597224927,11.573854056934522,29.12191391290255,58.10894028298489,289.9269039694534,2701.1405359974615,1889082.3193344497,0.2889860567514677,0.14512750733855187,52294.69650831713,1.0,0.0020118038637904935,198,0.8746654516810269,nan,-1
S-NP,S-NP rescale,0.8,modcog:dm1seqr,dm1seqr_tanh_h512_12k_lr0006_seqbest_no_l2_seed2,2,100002,261632,1.0,38.052196947162564,3782.0802675309105,5.683858549560265,11.578375903346485,29.101328410437816,58.07090092905639,289.760633934675,2712.0137885639488,1893585.433001031,0.28897459026418787,0.14524599437377692,52294.406017568464,1.0,0.0020114195098730036,201,0.8744395005575196,nan,-1
S-NP,S-NP rescale,0.8,modcog:dm2seql,dm2seql_tanh_h512_12k_lr0006_seqbest_no_l2_seed0,0,100000,261632,1.0,43.52319720046942,3016.213160649104,5.740531784163005,11.853983287096554,29.62271837956637,58.847471774795615,297.05471743265235,2843.8961813244196,1320179.9936541542,0.29472312255381605,0.14836870107632094,52249.81765538603,1.0,0.002060939299006594,323,0.9479313699126011,nan,-1
S-NP,S-NP rescale,0.8,modcog:dm2seql,dm2seql_tanh_h512_12k_lr0006_seqbest_no_l2_seed0,1,100001,261632,1.0,43.54338601416463,3038.746250692056,5.743895293209853,11.84815844089668,29.593072209557032,58.74850418542527,297.5294122762323,2813.2386760091495,1335923.9901296385,0.29474605552837574,0.14831136863992173,52250.19128301632,1.0,0.0020613968470262665,315,0.9482639166797525,nan,-1
S-NP,S-NP rescale,0.8,modcog:dm2seql,dm2seql_tanh_h512_12k_lr0006_seqbest_no_l2_seed0,2,100002,261632,1.0,43.562687128369475,3041.8061951579753,5.7439737937996025,11.85506847975077,29.61623578457183,58.77693222810304,296.89751194609096,2831.1056884884515,1336130.921514719,0.29477281066536204,0.14842603351272016,52248.07584825902,1.0,0.0020618188138546087,325,0.948078222966593,nan,-1
S-NP,S-NP rescale,0.8,modcog:dm2seql,dm2seql_tanh_h512_12k_lr0006_seqbest_no_l2_seed1,0,100000,261632,1.0,41.00105455281757,2241.1216965666717,5.6933118103248,11.669919488647036,29.179429808874495,58.83833714735655,300.2063713686058,3272.736860344325,950800.8850038208,0.29121437744618395,0.14591487279843443,52285.29233570825,1.0,0.002066955139355335,229,0.9583903567410128,nan,-1
S-NP,S-NP rescale,0.8,modcog:dm2seql,dm2seql_tanh_h512_12k_lr0006_seqbest_no_l2_seed1,1,100001,261632,1.0,41.071384512538984,2271.3365465939933,5.690249047129257,11.659732750616481,29.17752649010733,58.911763016052774,300.13755584581327,3284.436113426656,968990.1855047558,0.291233488258317,0.1459034063111546,52285.52417855518,1.0,0.002066165368414613,225,0.9585593214469758,nan,-1
S-NP,S-NP rescale,0.8,modcog:dm2seql,dm2seql_tanh_h512_12k_lr0006_seqbest_no_l2_seed1,2,100002,261632,1.0,40.94044973773965,2221.37556735995,5.69407104587988,11.665531982567686,29.182839680869524,58.82866966320936,300.1154441240122,3284.730075614931,939832.2874074519,0.2911799779843444,0.1458766511741683,52284.707149735994,1.0,0.0020674225669278803,230,0.9584346556120775,nan,-1
S-NP,S-NP rescale,0.8,modcog:dm2seql,dm2seql_tanh_h512_12k_lr0006_seqbest_no_l2_seed2,0,100000,261632,1.0,43.97459912130669,2695.5114120663707,5.722136293530017,11.595686136013825,29.00196707965258,57.8233446511538,295.55615019081955,3167.1262894652223,907981.9410963759,0.2893338735322896,0.1452956824853229,52256.34449802562,1.0,0.0016988473805546976,372,0.5831463496480811,nan,-1
S-NP,S-NP rescale,0.8,modcog:dm2seql,dm2seql_tanh_h512_12k_lr0006_seqbest_no_l2_seed2,1,100001,261632,1.0,43.93708710757936,2686.414589497861,5.720789602877899,11.597390526605796,28.994792453738633,57.820717856506285,296.0804132800555,3155.1857213786707,909250.6949294538,0.28920774217221135,0.14526128302348337,52256.01380720114,1.0,0.001698877859241462,372,0.5830570057329026,nan,-1
S-NP,S-NP rescale,0.8,modcog:dm2seql,dm2seql_tanh_h512_12k_lr0006_seqbest_no_l2_seed2,2,100002,261632,1.0,44.014172212432854,2702.9262951550736,5.721802873813225,11.60285435175981,28.98626389191896,57.843521121965324,296.27563903622786,3177.372684831307,913645.9694575812,0.2894600048923679,0.14524599437377692,52255.47720209167,1.0,0.0016992074804795703,376,0.5835101890185951,nan,-1
S-NP,S-NP rescale,0.8,modcog:dmsintseq,dmsintseq_tanh_h512_12k_lr0006_seqbest_no_l2_seed0,0,100000,261632,1.0,34.99186950108558,1957.2386358473964,5.5695371990789955,11.286582718627665,28.34438740663617,56.16425010801283,278.75689742553436,2740.7074026872683,880456.9631850427,0.281467863258317,0.14147734222113503,52319.14139867489,1.0,0.0024555394324351884,85,1.6469923952815595,nan,-1
S-NP,S-NP rescale,0.8,modcog:dmsintseq,dmsintseq_tanh_h512_12k_lr0006_seqbest_no_l2_seed0,1,100001,261632,1.0,34.90803396397613,1926.7434934831158,5.568940634683172,11.285922829851227,28.347977502415155,56.23704119368697,279.01926537078054,2740.6304501434965,864218.9408334584,0.28147550758317025,0.14152703033268102,52319.092163670975,1.0,0.0024546458933334403,83,1.6467439917993036,nan,-1
S-NP,S-NP rescale,0.8,modcog:dmsintseq,dmsintseq_tanh_h512_12k_lr0006_seqbest_no_l2_seed0,2,100002,261632,1.0,34.88876119112193,1920.3008411694793,5.568163952519392,11.290722359706223,28.336175248684118,56.29052376262362,279.2473929208175,2740.303178371167,861310.5267462797,0.28158252813111545,0.14142765410958905,52318.94835728044,1.0,0.0024562829165215906,85,1.6470774894855555,nan,-1
S-NP,S-NP rescale,0.8,modcog:dmsintseq,dmsintseq_tanh_h512_12k_lr0006_seqbest_no_l2_seed1,0,100000,261632,1.0,43.6714091307489,3661.1457175948763,5.475032386673352,11.103656252712064,27.727683660230685,55.03918118204764,279.0780923400994,3024.6463814476847,1708096.1702309686,0.2777412548923679,0.13859925391389433,52322.95791961902,1.0,0.002525359419497244,47,1.659060188820676,nan,-1
S-NP,S-NP rescale,0.8,modcog:dmsintseq,dmsintseq_tanh_h512_12k_lr0006_seqbest_no_l2_seed1,1,100001,261632,1.0,43.688846320064734,3661.1270869808322,5.475492155752871,11.103009042739284,27.7630823725592,54.96480137075189,278.8962783124497,3032.2521220956646,1707171.0486448237,0.2778024094911937,0.13854956580234834,52323.03036237673,1.0,0.0025244644136223054,43,1.658488567045215,nan,-1
S-NP,S-NP rescale,0.8,modcog:dmsintseq,dmsintseq_tanh_h512_12k_lr0006_seqbest_no_l2_seed1,2,100002,261632,1.0,43.6496269556404,3658.277328112143,5.476595553170974,11.104619267544088,27.698481522204055,55.03808511353041,279.1254974374376,3050.550836788703,1706696.3396319917,0.27782916462818,0.13849605552837574,52322.909419759984,1.0,0.0025257032053594593,42,1.6588407337015603,nan,-1
S-NP,S-NP rescale,0.8,modcog:dmsintseq,dmsintseq_tanh_h512_12k_lr0006_seqbest_no_l2_seed2,0,100000,261632,1.0,37.00476975071315,1544.49342993595,5.6449428610946235,11.419029075632668,28.29098549621981,56.362187368020805,272.7623399799676,2794.9262410527754,451380.63305464864,0.2855040667808219,0.14193600171232876,52296.35769021104,1.0,0.002436665226323782,247,1.8310358440564944,nan,-1
S-NP,S-NP rescale,0.8,modcog:dmsintseq,dmsintseq_tanh_h512_12k_lr0006_seqbest_no_l2_seed2,1,100001,261632,1.0,36.979099966152745,1542.2597807565244,5.644914867087892,11.419758639476228,28.293494509873263,56.351771781899814,272.96473247115665,2784.5793660099935,452714.55979080155,0.2853129586594912,0.14187866927592954,52295.928871821685,1.0,0.0024376396284733004,246,1.8308815280206752,nan,-1
S-NP,S-NP rescale,0.8,modcog:dmsintseq,dmsintseq_tanh_h512_12k_lr0006_seqbest_no_l2_seed2,2,100002,261632,1.0,36.91967219295928,1531.1820001439748,5.6464561635309956,11.420584885834849,28.299938593589044,56.37245026652774,272.1007206679979,2778.8155173398304,448859.14456470055,0.28519447162426614,0.14192835738747553,52296.32146471681,1.0,0.0024374888040386167,249,1.8310589778589164,nan,-1
S-NP,S-NP rescale,0.8,modcog:multidlydmintseq,multidlydmintseq_tanh_h512_12k_lr0006_seqbest_no_l2_seed0,0,100000,261632,1.0,63.052095820161675,12110.219205051562,6.3233222986258735,13.208510617890365,33.56161529903846,66.82174426421481,331.2978268253853,2849.6823083388363,5959451.163056538,0.3269439518101761,0.16700938723091976,51370.5454300581,1.0,0.001516564525837186,2154,0.19214966526282434,nan,-1
S-NP,S-NP rescale,0.8,modcog:multidlydmintseq,multidlydmintseq_tanh_h512_12k_lr0006_seqbest_no_l2_seed0,1,100001,261632,1.0,62.879306792149464,12027.8806263984,6.320295234255676,13.214280611531407,33.530108374236626,66.80255558536565,330.87333962038235,2852.9802136885155,5916711.391822815,0.32666493395303325,0.16692529965753425,51365.009509277814,1.0,0.0015167540447792952,2152,0.19208223999486088,nan,-1
S-NP,S-NP rescale,0.8,modcog:multidlydmintseq,multidlydmintseq_tanh_h512_12k_lr0006_seqbest_no_l2_seed0,2,100002,261632,1.0,62.721370987516785,11992.78174859762,6.323040202946821,13.227045340846685,33.544510511786015,66.9052260040605,331.6063126241638,2851.9622603434277,5906385.273062485,0.32700892857142855,0.16692529965753425,51357.87415362202,1.0,0.0015169726099703892,2169,0.19240309741322592,nan,-1
S-NP,S-NP rescale,0.8,modcog:multidlydmintseq,multidlydmintseq_tanh_h512_12k_lr0006_seqbest_no_l2_seed1,0,100000,261632,1.0,46.786555412946136,2859.0867680554115,6.216772005781328,13.079500287801512,33.239809187741585,66.62199862086989,344.6520802782879,3788.674617126349,1168897.3944933536,0.3235040056262231,0.1650103962818004,51962.26710076794,1.0,0.0014937039516015583,1249,0.2843224200270544,nan,-1
S-NP,S-NP rescale,0.8,modcog:multidlydmintseq,multidlydmintseq_tanh_h512_12k_lr0006_seqbest_no_l2_seed1,1,100001,261632,1.0,46.763213208593726,2850.07065278129,6.21982188480447,13.08744140643001,33.23892024481328,66.64383466990556,344.28164648393135,3777.715972308332,1167487.4368458746,0.3237677348336595,0.16515946061643835,51956.30194948539,1.0,0.0014921114362233792,1254,0.2839244108193332,nan,-1
S-NP,S-NP rescale,0.8,modcog:multidlydmintseq,multidlydmintseq_tanh_h512_12k_lr0006_seqbest_no_l2_seed1,2,100002,261632,1.0,46.82558966517561,2854.190129253889,6.220163731755074,13.089533878788282,33.210996015328085,66.68964554256269,344.3562591550352,3772.1119634914494,1164519.7785995542,0.3237600905088063,0.1652511925146771,51960.85653691721,1.0,0.0014913414653548252,1248,0.2845824081795911,nan,-1
S-NP,S-NP rescale,0.8,modcog:multidlydmintseq,multidlydmintseq_tanh_h512_12k_lr0006_seqbest_no_l2_seed2,0,100000,261632,1.0,36.61159506329782,1076.3771501523618,6.068261855720486,12.643979725222362,32.03246355033159,64.96240770986037,318.099631068328,3186.996469265381,340281.7716391156,0.3147244985322896,0.15942621697651663,52134.94120052341,1.0,0.0015822642653479904,767,0.3204505296847875,nan,-1
S-NP,S-NP rescale,0.8,modcog:multidlydmintseq,multidlydmintseq_tanh_h512_12k_lr0006_seqbest_no_l2_seed2,1,100001,261632,1.0,36.62207477567075,1081.3474392878675,6.066584968482943,12.650734605293435,32.06563195995556,64.95264336854076,317.47095822683775,3155.4356439592952,343737.94194242754,0.31464805528375733,0.15943768346379647,52133.12340171912,1.0,0.0015805906383442683,769,0.32035079576746717,nan,-1
S-NP,S-NP rescale,0.8,modcog:multidlydmintseq,multidlydmintseq_tanh_h512_12k_lr0006_seqbest_no_l2_seed2,2,100002,261632,1.0,36.60638506057658,1079.5011955902962,6.0652317749144675,12.655038259957795,32.05420585892011,64.90427618575005,318.1405703478636,3144.947673174962,344612.6371722251,0.3148315190802348,0.15947972725048923,52134.389779500925,1.0,0.0015810469067877387,765,0.32096346302216544,nan,-1
L-NP,V-NP rescale,0.8,modcog:ctxdlydm1intseq,ctxdlydm1intseq_tanh_h512_12k_lr0006_seqbest_no_l2_seed0,0,100000,261632,1.0,177.30345592197077,63486.552348463774,6.2747674995567895,13.001774310758117,32.600695023902034,65.01076786433703,325.00136755834353,3377.059086524499,32314025.95605882,0.3232899645303327,0.1630572712818004,50461.843426206935,1.0,0.007821921479783143,2172,nan,1.0,2
L-NP,V-NP rescale,0.8,modcog:ctxdlydm1intseq,ctxdlydm1intseq_tanh_h512_12k_lr0006_seqbest_no_l2_seed0,1,100001,261632,1.0,177.30345592197077,63486.552348463774,6.2747674995567895,13.001774310758117,32.600695023902034,65.01076786433703,325.00136755834353,3377.059086524499,32314025.95605882,0.3232899645303327,0.1630572712818004,50461.843426206935,1.0,0.007821921479783143,2172,nan,1.0,2
L-NP,V-NP rescale,0.8,modcog:ctxdlydm1intseq,ctxdlydm1intseq_tanh_h512_12k_lr0006_seqbest_no_l2_seed0,2,100002,261632,1.0,177.30345592197077,63486.552348463774,6.2747674995567895,13.001774310758117,32.600695023902034,65.01076786433703,325.00136755834353,3377.059086524499,32314025.95605882,0.3232899645303327,0.1630572712818004,50461.843426206935,1.0,0.007821921479783143,2172,nan,1.0,2
L-NP,V-NP rescale,0.8,modcog:ctxdlydm1intseq,ctxdlydm1intseq_tanh_h512_12k_lr0006_seqbest_no_l2_seed1,0,100000,261632,1.0,42.82662559693211,1969.9960201929246,6.629463167022227,13.77538474639816,34.62909578622133,69.74986219589698,342.38201008013306,3377.6819165681745,835707.301778495,0.34146434686888455,0.17312484711350293,50021.69804775357,1.0,0.0070251972638611035,3753,nan,1.0,2
L-NP,V-NP rescale,0.8,modcog:ctxdlydm1intseq,ctxdlydm1intseq_tanh_h512_12k_lr0006_seqbest_no_l2_seed1,1,100001,261632,1.0,42.82662559693211,1969.9960201929246,6.629463167022227,13.77538474639816,34.62909578622133,69.74986219589698,342.38201008013306,3377.6819165681745,835707.301778495,0.34146434686888455,0.17312484711350293,50021.69804775357,1.0,0.0070251972638611035,3753,nan,1.0,2
L-NP,V-NP rescale,0.8,modcog:ctxdlydm1intseq,ctxdlydm1intseq_tanh_h512_12k_lr0006_seqbest_no_l2_seed1,2,100002,261632,1.0,42.82662559693211,1969.9960201929246,6.629463167022227,13.77538474639816,34.62909578622133,69.74986219589698,342.38201008013306,3377.6819165681745,835707.301778495,0.34146434686888455,0.17312484711350293,50021.69804775357,1.0,0.0070251972638611035,3753,nan,1.0,2
L-NP,V-NP rescale,0.8,modcog:ctxdlydm1intseq,ctxdlydm1intseq_tanh_h512_12k_lr0006_seqbest_no_l2_seed2,0,100000,261632,1.0,224.1472746948843,90980.24581667161,7.125260632039519,14.842560090195157,37.25825007633694,74.30995562032938,363.15976635393605,3693.794986286103,46524865.11877665,0.36615169398238745,0.18586029231898238,47641.75110412632,1.0,0.006076145145550328,4385,nan,1.0,2
L-NP,V-NP rescale,0.8,modcog:ctxdlydm1intseq,ctxdlydm1intseq_tanh_h512_12k_lr0006_seqbest_no_l2_seed2,1,100001,261632,1.0,224.1472746948843,90980.24581667161,7.125260632039519,14.842560090195157,37.25825007633694,74.30995562032938,363.15976635393605,3693.794986286103,46524865.11877665,0.36615169398238745,0.18586029231898238,47641.75110412632,1.0,0.006076145145550328,4385,nan,1.0,2
L-NP,V-NP rescale,0.8,modcog:ctxdlydm1intseq,ctxdlydm1intseq_tanh_h512_12k_lr0006_seqbest_no_l2_seed2,2,100002,261632,1.0,224.1472746948843,90980.24581667161,7.125260632039519,14.842560090195157,37.25825007633694,74.30995562032938,363.15976635393605,3693.794986286103,46524865.11877665,0.36615169398238745,0.18586029231898238,47641.75110412632,1.0,0.006076145145550328,4385,nan,1.0,2
L-NP,V-NP rescale,0.8,modcog:ctxdlydm2intseq,ctxdlydm2intseq_tanh_h512_12k_lr0006_seqbest_no_l2_seed0,0,100000,261632,1.0,50.648457720908304,2995.9445188519408,6.579032621532896,13.737089944716034,34.69889048501565,70.29181072806098,354.5821403496716,3625.4557054306947,988502.0702281796,0.33951122186888455,0.1717985567514677,50333.38173242797,1.0,0.007000344396406003,3826,nan,1.0,2
L-NP,V-NP rescale,0.8,modcog:ctxdlydm2intseq,ctxdlydm2intseq_tanh_h512_12k_lr0006_seqbest_no_l2_seed0,1,100001,261632,1.0,50.648457720908304,2995.9445188519408,6.579032621532896,13.737089944716034,34.69889048501565,70.29181072806098,354.5821403496716,3625.4557054306947,988502.0702281796,0.33951122186888455,0.1717985567514677,50333.38173242797,1.0,0.007000344396406003,3826,nan,1.0,2
L-NP,V-NP rescale,0.8,modcog:ctxdlydm2intseq,ctxdlydm2intseq_tanh_h512_12k_lr0006_seqbest_no_l2_seed0,2,100002,261632,1.0,50.648457720908304,2995.9445188519408,6.579032621532896,13.737089944716034,34.69889048501565,70.29181072806098,354.5821403496716,3625.4557054306947,988502.0702281796,0.33951122186888455,0.1717985567514677,50333.38173242797,1.0,0.007000344396406003,3826,nan,1.0,2
L-NP,V-NP rescale,0.8,modcog:ctxdlydm2intseq,ctxdlydm2intseq_tanh_h512_12k_lr0006_seqbest_no_l2_seed1,0,100000,261632,1.0,734.0886264869073,356619.0791735912,5.829397831203178,12.086611169076381,30.14306499144021,60.08268512915702,300.30282746262566,2834.949659887462,182408809.26316193,0.30078125,0.1512620780332681,52282.85140887544,1.0,0.015111859345338418,332,nan,2.0,3
L-NP,V-NP rescale,0.8,modcog:ctxdlydm2intseq,ctxdlydm2intseq_tanh_h512_12k_lr0006_seqbest_no_l2_seed1,1,100001,261632,1.0,734.0886264869073,356619.0791735912,5.829397831203178,12.086611169076381,30.14306499144021,60.08268512915702,300.30282746262566,2834.949659887462,182408809.26316193,0.30078125,0.1512620780332681,52282.85140887544,1.0,0.015111859345338418,332,nan,2.0,3
L-NP,V-NP rescale,0.8,modcog:ctxdlydm2intseq,ctxdlydm2intseq_tanh_h512_12k_lr0006_seqbest_no_l2_seed1,2,100002,261632,1.0,734.0886264869073,356619.0791735912,5.829397831203178,12.086611169076381,30.14306499144021,60.08268512915702,300.30282746262566,2834.949659887462,182408809.26316193,0.30078125,0.1512620780332681,52282.85140887544,1.0,0.015111859345338418,332,nan,2.0,3
L-NP,V-NP rescale,0.8,modcog:ctxdlydm2intseq,ctxdlydm2intseq_tanh_h512_12k_lr0006_seqbest_no_l2_seed2,0,100000,261632,1.0,71.539306063645,4332.638659648534,9.53916879155796,19.76856501940188,49.92663189652994,99.88140206938535,486.3585713790021,4652.871168907148,1684456.6364122329,0.4790774828767123,0.2472327544031311,39181.550152589065,1.0,0.004354131883469118,6141,nan,1.0,2
L-NP,V-NP rescale,0.8,modcog:ctxdlydm2intseq,ctxdlydm2intseq_tanh_h512_12k_lr0006_seqbest_no_l2_seed2,1,100001,261632,1.0,71.539306063645,4332.638659648534,9.53916879155796,19.76856501940188,49.92663189652994,99.88140206938535,486.3585713790021,4652.871168907148,1684456.6364122329,0.4790774828767123,0.2472327544031311,39181.550152589065,1.0,0.004354131883469118,6141,nan,1.0,2
L-NP,V-NP rescale,0.8,modcog:ctxdlydm2intseq,ctxdlydm2intseq_tanh_h512_12k_lr0006_seqbest_no_l2_seed2,2,100002,261632,1.0,71.539306063645,4332.638659648534,9.53916879155796,19.76856501940188,49.92663189652994,99.88140206938535,486.3585713790021,4652.871168907148,1684456.6364122329,0.4790774828767123,0.2472327544031311,39181.550152589065,1.0,0.004354131883469118,6141,nan,1.0,2
L-NP,V-NP rescale,0.8,modcog:dlydm1intseq,dlydm1intseq_tanh_h512_12k_lr0006_seqbest_no_l2_seed0,0,100000,261632,1.0,38.817261856571676,1069.256585596141,6.597540079718956,13.638521778317088,34.31422460372843,68.8894893503855,354.72250908045584,3343.8548114054533,270423.57840702747,0.3385824363992172,0.17082772749510763,49475.72270628499,1.0,0.007158539131049412,3883,nan,1.0,2
L-NP,V-NP rescale,0.8,modcog:dlydm1intseq,dlydm1intseq_tanh_h512_12k_lr0006_seqbest_no_l2_seed0,1,100001,261632,1.0,38.817261856571676,1069.256585596141,6.597540079718956,13.638521778317088,34.31422460372843,68.8894893503855,354.72250908045584,3343.8548114054533,270423.57840702747,0.3385824363992172,0.17082772749510763,49475.72270628499,1.0,0.007158539131049412,3883,nan,1.0,2
L-NP,V-NP rescale,0.8,modcog:dlydm1intseq,dlydm1intseq_tanh_h512_12k_lr0006_seqbest_no_l2_seed0,2,100002,261632,1.0,38.817261856571676,1069.256585596141,6.597540079718956,13.638521778317088,34.31422460372843,68.8894893503855,354.72250908045584,3343.8548114054533,270423.57840702747,0.3385824363992172,0.17082772749510763,49475.72270628499,1.0,0.007158539131049412,3883,nan,1.0,2
L-NP,V-NP rescale,0.8,modcog:dlydm1intseq,dlydm1intseq_tanh_h512_12k_lr0006_seqbest_no_l2_seed1,0,100000,261632,1.0,101.22291695022489,31307.603839995118,6.144105925057067,12.715407271604732,31.92650062298174,63.30161200513445,317.7443854878417,2852.819221746904,15966829.110986365,0.31631069593933464,0.15992309809197652,51268.556515654316,1.0,0.008195248515497739,2101,nan,1.0,2
L-NP,V-NP rescale,0.8,modcog:dlydm1intseq,dlydm1intseq_tanh_h512_12k_lr0006_seqbest_no_l2_seed1,1,100001,261632,1.0,101.22291695022489,31307.603839995118,6.144105925057067,12.715407271604732,31.92650062298174,63.30161200513445,317.7443854878417,2852.819221746904,15966829.110986365,0.31631069593933464,0.15992309809197652,51268.556515654316,1.0,0.008195248515497739,2101,nan,1.0,2
L-NP,V-NP rescale,0.8,modcog:dlydm1intseq,dlydm1intseq_tanh_h512_12k_lr0006_seqbest_no_l2_seed1,2,100002,261632,1.0,101.22291695022489,31307.603839995118,6.144105925057067,12.715407271604732,31.92650062298174,63.30161200513445,317.7443854878417,2852.819221746904,15966829.110986365,0.31631069593933464,0.15992309809197652,51268.556515654316,1.0,0.008195248515497739,2101,nan,1.0,2
L-NP,V-NP rescale,0.8,modcog:dlydm1intseq,dlydm1intseq_tanh_h512_12k_lr0006_seqbest_no_l2_seed2,0,100000,261632,1.0,115.25142480270384,30377.0654693714,6.385579165962499,13.255140401811843,33.38198593966457,66.47024028651246,331.4405473463374,3372.8652477995306,14983326.880046433,0.32924107142857145,0.16669214774951077,50966.193033800286,1.0,0.007528753563198901,2799,nan,1.0,2
L-NP,V-NP rescale,0.8,modcog:dlydm1intseq,dlydm1intseq_tanh_h512_12k_lr0006_seqbest_no_l2_seed2,1,100001,261632,1.0,115.25142480270384,30377.0654693714,6.385579165962499,13.255140401811843,33.38198593966457,66.47024028651246,331.4405473463374,3372.8652477995306,14983326.880046433,0.32924107142857145,0.16669214774951077,50966.193033800286,1.0,0.007528753563198901,2799,nan,1.0,2
L-NP,V-NP rescale,0.8,modcog:dlydm1intseq,dlydm1intseq_tanh_h512_12k_lr0006_seqbest_no_l2_seed2,2,100002,261632,1.0,115.25142480270384,30377.0654693714,6.385579165962499,13.255140401811843,33.38198593966457,66.47024028651246,331.4405473463374,3372.8652477995306,14983326.880046433,0.32924107142857145,0.16669214774951077,50966.193033800286,1.0,0.007528753563198901,2799,nan,1.0,2
L-NP,V-NP rescale,0.8,modcog:dlydm2intseq,dlydm2intseq_tanh_h512_12k_lr0006_seqbest_no_l2_seed0,0,100000,261632,1.0,42.508687679752065,1931.6945766770798,6.0339062664724405,12.495083967959383,31.05556803104945,62.49911585551076,312.2088006210014,3093.747533740525,592225.7843064592,0.3115750366927593,0.1561468016144814,51786.25393725561,1.0,0.008136916885197147,1606,nan,1.0,2
L-NP,V-NP rescale,0.8,modcog:dlydm2intseq,dlydm2intseq_tanh_h512_12k_lr0006_seqbest_no_l2_seed0,1,100001,261632,1.0,42.508687679752065,1931.6945766770798,6.0339062664724405,12.495083967959383,31.05556803104945,62.49911585551076,312.2088006210014,3093.747533740525,592225.7843064592,0.3115750366927593,0.1561468016144814,51786.25393725561,1.0,0.008136916885197147,1606,nan,1.0,2
L-NP,V-NP rescale,0.8,modcog:dlydm2intseq,dlydm2intseq_tanh_h512_12k_lr0006_seqbest_no_l2_seed0,2,100002,261632,1.0,42.508687679752065,1931.6945766770798,6.0339062664724405,12.495083967959383,31.05556803104945,62.49911585551076,312.2088006210014,3093.747533740525,592225.7843064592,0.3115750366927593,0.1561468016144814,51786.25393725561,1.0,0.008136916885197147,1606,nan,1.0,2
L-NP,V-NP rescale,0.8,modcog:dlydm2intseq,dlydm2intseq_tanh_h512_12k_lr0006_seqbest_no_l2_seed1,0,100000,261632,1.0,41.318141766965155,1512.0329153548407,6.612971820465243,13.750803198960906,34.538234517894075,70.09419352149708,366.79948156163516,3544.368607839532,566879.0546628555,0.340696092221135,0.1723757032778865,49217.2253813642,1.0,0.0070700822330134715,3451,nan,1.0,2
L-NP,V-NP rescale,0.8,modcog:dlydm2intseq,dlydm2intseq_tanh_h512_12k_lr0006_seqbest_no_l2_seed1,1,100001,261632,1.0,41.318141766965155,1512.0329153548407,6.612971820465243,13.750803198960906,34.538234517894075,70.09419352149708,366.79948156163516,3544.368607839532,566879.0546628555,0.340696092221135,0.1723757032778865,49217.2253813642,1.0,0.0070700822330134715,3451,nan,1.0,2
L-NP,V-NP rescale,0.8,modcog:dlydm2intseq,dlydm2intseq_tanh_h512_12k_lr0006_seqbest_no_l2_seed1,2,100002,261632,1.0,41.318141766965155,1512.0329153548407,6.612971820465243,13.750803198960906,34.538234517894075,70.09419352149708,366.79948156163516,3544.368607839532,566879.0546628555,0.340696092221135,0.1723757032778865,49217.2253813642,1.0,0.0070700822330134715,3451,nan,1.0,2
L-NP,V-NP rescale,0.8,modcog:dlydm2intseq,dlydm2intseq_tanh_h512_12k_lr0006_seqbest_no_l2_seed2,0,100000,261632,1.0,100.95439071277413,29414.066694693294,5.7897998564337385,12.011697348893858,30.054906258833476,61.058247911527786,304.2696906247226,3127.5116272456953,14994890.081141042,0.29870963796477495,0.15085310665362034,52290.70541803709,1.0,0.015205030045039852,274,nan,2.0,3
L-NP,V-NP rescale,0.8,modcog:dlydm2intseq,dlydm2intseq_tanh_h512_12k_lr0006_seqbest_no_l2_seed2,1,100001,261632,1.0,100.95439071277413,29414.066694693294,5.7897998564337385,12.011697348893858,30.054906258833476,61.058247911527786,304.2696906247226,3127.5116272456953,14994890.081141042,0.29870963796477495,0.15085310665362034,52290.70541803709,1.0,0.015205030045039852,274,nan,2.0,3
L-NP,V-NP rescale,0.8,modcog:dlydm2intseq,dlydm2intseq_tanh_h512_12k_lr0006_seqbest_no_l2_seed2,2,100002,261632,1.0,100.95439071277413,29414.066694693294,5.7897998564337385,12.011697348893858,30.054906258833476,61.058247911527786,304.2696906247226,3127.5116272456953,14994890.081141042,0.29870963796477495,0.15085310665362034,52290.70541803709,1.0,0.015205030045039852,274,nan,2.0,3
L-NP,V-NP rescale,0.8,modcog:dm1seqr,dm1seqr_tanh_h512_12k_lr0006_seqbest_no_l2_seed0,0,100000,261632,1.0,100.57099286103353,31953.142038267062,5.657173161935595,11.518077788923252,28.749619460190207,58.23763886217169,285.3138492313296,2975.8323953307095,16327794.098590644,0.28738839285714285,0.1445083170254403,52264.21398547653,1.0,0.014050590333077437,299,nan,2.0,3
L-NP,V-NP rescale,0.8,modcog:dm1seqr,dm1seqr_tanh_h512_12k_lr0006_seqbest_no_l2_seed0,1,100001,261632,1.0,100.57099286103353,31953.142038267062,5.657173161935595,11.518077788923252,28.749619460190207,58.23763886217169,285.3138492313296,2975.8323953307095,16327794.098590644,0.28738839285714285,0.1445083170254403,52264.21398547653,1.0,0.014050590333077437,299,nan,2.0,3
L-NP,V-NP rescale,0.8,modcog:dm1seqr,dm1seqr_tanh_h512_12k_lr0006_seqbest_no_l2_seed0,2,100002,261632,1.0,100.57099286103353,31953.142038267062,5.657173161935595,11.518077788923252,28.749619460190207,58.23763886217169,285.3138492313296,2975.8323953307095,16327794.098590644,0.28738839285714285,0.1445083170254403,52264.21398547653,1.0,0.014050590333077437,299,nan,2.0,3
L-NP,V-NP rescale,0.8,modcog:dm1seqr,dm1seqr_tanh_h512_12k_lr0006_seqbest_no_l2_seed1,0,100000,261632,1.0,32.590855316770416,930.1081544239909,5.422821472121333,10.888260764195687,27.211690962463486,54.535017294648746,275.98658438721185,2845.655320112171,300058.23051517934,0.27229849559686886,0.13606516022504891,52325.64926214227,1.0,0.008258136434816009,13,nan,1.0,2
L-NP,V-NP rescale,0.8,modcog:dm1seqr,dm1seqr_tanh_h512_12k_lr0006_seqbest_no_l2_seed1,1,100001,261632,1.0,32.590855316770416,930.1081544239909,5.422821472121333,10.888260764195687,27.211690962463486,54.535017294648746,275.98658438721185,2845.655320112171,300058.23051517934,0.27229849559686886,0.13606516022504891,52325.64926214227,1.0,0.008258136434816009,13,nan,1.0,2
L-NP,V-NP rescale,0.8,modcog:dm1seqr,dm1seqr_tanh_h512_12k_lr0006_seqbest_no_l2_seed1,2,100002,261632,1.0,32.590855316770416,930.1081544239909,5.422821472121333,10.888260764195687,27.211690962463486,54.535017294648746,275.98658438721185,2845.655320112171,300058.23051517934,0.27229849559686886,0.13606516022504891,52325.64926214227,1.0,0.008258136434816009,13,nan,1.0,2
L-NP,V-NP rescale,0.8,modcog:dm1seqr,dm1seqr_tanh_h512_12k_lr0006_seqbest_no_l2_seed2,0,100000,261632,1.0,36.700240461231026,3481.145090397282,5.539358238730706,11.24204176922169,28.21491540955367,56.474242111749476,281.31595445399216,2532.569718138685,1730713.3624920193,0.28038619129158515,0.14036509295499022,52313.67704213472,1.0,0.015106540709136956,90,nan,2.0,3
L-NP,V-NP rescale,0.8,modcog:dm1seqr,dm1seqr_tanh_h512_12k_lr0006_seqbest_no_l2_seed2,1,100001,261632,1.0,36.700240461231026,3481.145090397282,5.539358238730706,11.24204176922169,28.21491540955367,56.474242111749476,281.31595445399216,2532.569718138685,1730713.3624920193,0.28038619129158515,0.14036509295499022,52313.67704213472,1.0,0.015106540709136956,90,nan,2.0,3
L-NP,V-NP rescale,0.8,modcog:dm1seqr,dm1seqr_tanh_h512_12k_lr0006_seqbest_no_l2_seed2,2,100002,261632,1.0,36.700240461231026,3481.145090397282,5.539358238730706,11.24204176922169,28.21491540955367,56.474242111749476,281.31595445399216,2532.569718138685,1730713.3624920193,0.28038619129158515,0.14036509295499022,52313.67704213472,1.0,0.015106540709136956,90,nan,2.0,3
L-NP,V-NP rescale,0.8,modcog:dm2seql,dm2seql_tanh_h512_12k_lr0006_seqbest_no_l2_seed0,0,100000,261632,1.0,44.11373599216057,3310.500649255037,5.719251856695081,11.761619745347295,29.327988392469145,58.140525700515035,294.9837194492038,2781.9434837908602,1479941.5213750661,0.2924948018590998,0.14705387720156557,52164.85369713448,1.0,0.0138013470166659,512,nan,2.0,3
L-NP,V-NP rescale,0.8,modcog:dm2seql,dm2seql_tanh_h512_12k_lr0006_seqbest_no_l2_seed0,1,100001,261632,1.0,44.11373599216057,3310.500649255037,5.719251856695081,11.761619745347295,29.327988392469145,58.140525700515035,294.9837194492038,2781.9434837908602,1479941.5213750661,0.2924948018590998,0.14705387720156557,52164.85369713448,1.0,0.0138013470166659,512,nan,2.0,3
L-NP,V-NP rescale,0.8,modcog:dm2seql,dm2seql_tanh_h512_12k_lr0006_seqbest_no_l2_seed0,2,100002,261632,1.0,44.11373599216057,3310.500649255037,5.719251856695081,11.761619745347295,29.327988392469145,58.140525700515035,294.9837194492038,2781.9434837908602,1479941.5213750661,0.2924948018590998,0.14705387720156557,52164.85369713448,1.0,0.0138013470166659,512,nan,2.0,3
L-NP,V-NP rescale,0.8,modcog:dm2seql,dm2seql_tanh_h512_12k_lr0006_seqbest_no_l2_seed1,0,100000,261632,1.0,40.15024678482396,2151.2042927384905,5.632906691060651,11.47874424562114,28.649790306635715,57.768268858111085,294.31451082604264,3198.9330564301013,907474.0526300917,0.28666600415851273,0.14324318126223093,52268.78980387687,1.0,0.014279707040172252,281,nan,2.0,3
L-NP,V-NP rescale,0.8,modcog:dm2seql,dm2seql_tanh_h512_12k_lr0006_seqbest_no_l2_seed1,1,100001,261632,1.0,40.15024678482396,2151.2042927384905,5.632906691060651,11.47874424562114,28.649790306635715,57.768268858111085,294.31451082604264,3198.9330564301013,907474.0526300917,0.28666600415851273,0.14324318126223093,52268.78980387687,1.0,0.014279707040172252,281,nan,2.0,3
L-NP,V-NP rescale,0.8,modcog:dm2seql,dm2seql_tanh_h512_12k_lr0006_seqbest_no_l2_seed1,2,100002,261632,1.0,40.15024678482396,2151.2042927384905,5.632906691060651,11.47874424562114,28.649790306635715,57.768268858111085,294.31451082604264,3198.9330564301013,907474.0526300917,0.28666600415851273,0.14324318126223093,52268.78980387687,1.0,0.014279707040172252,281,nan,2.0,3
L-NP,V-NP rescale,0.8,modcog:dm2seql,dm2seql_tanh_h512_12k_lr0006_seqbest_no_l2_seed2,0,100000,261632,1.0,42.27192633104408,2742.361849092731,5.448714010710807,10.95171338681482,27.43503257949761,54.551190951379915,279.01958832988225,2975.8285597850313,909149.8734294865,0.27377002813111545,0.13693661325831702,52323.02097684008,1.0,0.015745834340879575,28,nan,2.0,3
L-NP,V-NP rescale,0.8,modcog:dm2seql,dm2seql_tanh_h512_12k_lr0006_seqbest_no_l2_seed2,1,100001,261632,1.0,42.27192633104408,2742.361849092731,5.448714010710807,10.95171338681482,27.43503257949761,54.551190951379915,279.01958832988225,2975.8285597850313,909149.8734294865,0.27377002813111545,0.13693661325831702,52323.02097684008,1.0,0.015745834340879575,28,nan,2.0,3
L-NP,V-NP rescale,0.8,modcog:dm2seql,dm2seql_tanh_h512_12k_lr0006_seqbest_no_l2_seed2,2,100002,261632,1.0,42.27192633104408,2742.361849092731,5.448714010710807,10.95171338681482,27.43503257949761,54.551190951379915,279.01958832988225,2975.8285597850313,909149.8734294865,0.27377002813111545,0.13693661325831702,52323.02097684008,1.0,0.015745834340879575,28,nan,2.0,3
L-NP,V-NP rescale,0.8,modcog:dmsintseq,dmsintseq_tanh_h512_12k_lr0006_seqbest_no_l2_seed0,0,100000,261632,1.0,34.645677501394985,1869.5892892880684,5.587225248458589,11.294931749969335,28.29818994748658,56.15386260268846,278.61618842927265,2790.440197469707,840241.2459114977,0.28186919031311153,0.14163405088062622,52303.615881553276,1.0,0.02656589029923464,199,nan,4.0,4
L-NP,V-NP rescale,0.8,modcog:dmsintseq,dmsintseq_tanh_h512_12k_lr0006_seqbest_no_l2_seed0,1,100001,261632,1.0,34.645677501394985,1869.5892892880684,5.587225248458589,11.294931749969335,28.29818994748658,56.15386260268846,278.61618842927265,2790.440197469707,840241.2459114977,0.28186919031311153,0.14163405088062622,52303.615881553276,1.0,0.02656589029923464,199,nan,4.0,4
L-NP,V-NP rescale,0.8,modcog:dmsintseq,dmsintseq_tanh_h512_12k_lr0006_seqbest_no_l2_seed0,2,100002,261632,1.0,34.645677501394985,1869.5892892880684,5.587225248458589,11.294931749969335,28.29818994748658,56.15386260268846,278.61618842927265,2790.440197469707,840241.2459114977,0.28186919031311153,0.14163405088062622,52303.615881553276,1.0,0.02656589029923464,199,nan,4.0,4
L-NP,V-NP rescale,0.8,modcog:dmsintseq,dmsintseq_tanh_h512_12k_lr0006_seqbest_no_l2_seed1,0,100000,261632,1.0,43.69669908018038,3820.6031960067285,5.452452416495667,11.062013747213584,27.527350515730816,54.71795623217036,275.83096651808575,2984.7649197725027,1793661.368777636,0.2763002996575342,0.137402917074364,52321.60917200373,1.0,0.02810311167296781,63,nan,4.0,4
L-NP,V-NP rescale,0.8,modcog:dmsintseq,dmsintseq_tanh_h512_12k_lr0006_seqbest_no_l2_seed1,1,100001,261632,1.0,43.69669908018038,3820.6031960067285,5.452452416495667,11.062013747213584,27.527350515730816,54.71795623217036,275.83096651808575,2984.7649197725027,1793661.368777636,0.2763002996575342,0.137402917074364,52321.60917200373,1.0,0.02810311167296781,63,nan,4.0,4
L-NP,V-NP rescale,0.8,modcog:dmsintseq,dmsintseq_tanh_h512_12k_lr0006_seqbest_no_l2_seed1,2,100002,261632,1.0,43.69669908018038,3820.6031960067285,5.452452416495667,11.062013747213584,27.527350515730816,54.71795623217036,275.83096651808575,2984.7649197725027,1793661.368777636,0.2763002996575342,0.137402917074364,52321.60917200373,1.0,0.02810311167296781,63,nan,4.0,4
L-NP,V-NP rescale,0.8,modcog:dmsintseq,dmsintseq_tanh_h512_12k_lr0006_seqbest_no_l2_seed2,0,100000,261632,1.0,37.970091289024616,1606.7719165420526,5.839466719335217,11.784188700805034,29.052984685204553,57.98907171774757,280.41924069301535,2836.5826049442358,487900.2406273813,0.29504418419765166,0.14655699608610567,52139.41302168961,1.0,0.023675937700747503,945,nan,4.0,4
L-NP,V-NP rescale,0.8,modcog:dmsintseq,dmsintseq_tanh_h512_12k_lr0006_seqbest_no_l2_seed2,1,100001,261632,1.0,37.970091289024616,1606.7719165420526,5.839466719335217,11.784188700805034,29.052984685204553,57.98907171774757,280.41924069301535,2836.5826049442358,487900.2406273813,0.29504418419765166,0.14655699608610567,52139.41302168961,1.0,0.023675937700747503,945,nan,4.0,4
L-NP,V-NP rescale,0.8,modcog:dmsintseq,dmsintseq_tanh_h512_12k_lr0006_seqbest_no_l2_seed2,2,100002,261632,1.0,37.970091289024616,1606.7719165420526,5.839466719335217,11.784188700805034,29.052984685204553,57.98907171774757,280.41924069301535,2836.5826049442358,487900.2406273813,0.29504418419765166,0.14655699608610567,52139.41302168961,1.0,0.023675937700747503,945,nan,4.0,4
L-NP,V-NP rescale,0.8,modcog:multidlydmintseq,multidlydmintseq_tanh_h512_12k_lr0006_seqbest_no_l2_seed0,0,100000,261632,1.0,63.58464472613851,12561.268193365791,6.2507389238857805,12.974464846241393,32.764643355125514,65.60236369816445,323.15007589227173,2799.1869472627814,6206557.069391077,0.3217649217221135,0.16349681996086105,50787.563369487674,1.0,0.005108219366195858,2784,nan,0.5,1
L-NP,V-NP rescale,0.8,modcog:multidlydmintseq,multidlydmintseq_tanh_h512_12k_lr0006_seqbest_no_l2_seed0,1,100001,261632,1.0,63.58464472613851,12561.268193365791,6.2507389238857805,12.974464846241393,32.764643355125514,65.60236369816445,323.15007589227173,2799.1869472627814,6206557.069391077,0.3217649217221135,0.16349681996086105,50787.563369487674,1.0,0.005108219366195858,2784,nan,0.5,1
L-NP,V-NP rescale,0.8,modcog:multidlydmintseq,multidlydmintseq_tanh_h512_12k_lr0006_seqbest_no_l2_seed0,2,100002,261632,1.0,63.58464472613851,12561.268193365791,6.2507389238857805,12.974464846241393,32.764643355125514,65.60236369816445,323.15007589227173,2799.1869472627814,6206557.069391077,0.3217649217221135,0.16349681996086105,50787.563369487674,1.0,0.005108219366195858,2784,nan,0.5,1
L-NP,V-NP rescale,0.8,modcog:multidlydmintseq,multidlydmintseq_tanh_h512_12k_lr0006_seqbest_no_l2_seed1,0,100000,261632,1.0,46.38425912723773,2637.896745271614,6.296776593837199,13.077527946219917,33.06392468402029,66.40802257891136,341.3136470825257,3732.4779820633253,948814.3333081378,0.32436399217221135,0.16426889677103718,51158.569830142995,1.0,0.004761086899402679,2622,nan,0.5,1
L-NP,V-NP rescale,0.8,modcog:multidlydmintseq,multidlydmintseq_tanh_h512_12k_lr0006_seqbest_no_l2_seed1,1,100001,261632,1.0,46.38425912723773,2637.896745271614,6.296776593837199,13.077527946219917,33.06392468402029,66.40802257891136,341.3136470825257,3732.4779820633253,948814.3333081378,0.32436399217221135,0.16426889677103718,51158.569830142995,1.0,0.004761086899402679,2622,nan,0.5,1
L-NP,V-NP rescale,0.8,modcog:multidlydmintseq,multidlydmintseq_tanh_h512_12k_lr0006_seqbest_no_l2_seed1,2,100002,261632,1.0,46.38425912723773,2637.896745271614,6.296776593837199,13.077527946219917,33.06392468402029,66.40802257891136,341.3136470825257,3732.4779820633253,948814.3333081378,0.32436399217221135,0.16426889677103718,51158.569830142995,1.0,0.004761086899402679,2622,nan,0.5,1
L-NP,V-NP rescale,0.8,modcog:multidlydmintseq,multidlydmintseq_tanh_h512_12k_lr0006_seqbest_no_l2_seed2,0,100000,261632,1.0,40.04721421302585,1232.1772942201512,6.586778610886256,13.650337534453351,34.437277495289145,69.41915250325657,339.53197556555074,3443.5712662999867,436441.6382670966,0.3393965569960861,0.17163038160469668,49180.93611143074,1.0,0.004361571725650483,3117,nan,0.5,1
L-NP,V-NP rescale,0.8,modcog:multidlydmintseq,multidlydmintseq_tanh_h512_12k_lr0006_seqbest_no_l2_seed2,1,100001,261632,1.0,40.04721421302585,1232.1772942201512,6.586778610886256,13.650337534453351,34.437277495289145,69.41915250325657,339.53197556555074,3443.5712662999867,436441.6382670966,0.3393965569960861,0.17163038160469668,49180.93611143074,1.0,0.004361571725650483,3117,nan,0.5,1
L-NP,V-NP rescale,0.8,modcog:multidlydmintseq,multidlydmintseq_tanh_h512_12k_lr0006_seqbest_no_l2_seed2,2,100002,261632,1.0,40.04721421302585,1232.1772942201512,6.586778610886256,13.650337534453351,34.437277495289145,69.41915250325657,339.53197556555074,3443.5712662999867,436441.6382670966,0.3393965569960861,0.17163038160469668,49180.93611143074,1.0,0.004361571725650483,3117,nan,0.5,1
