abs_max_nonzero,abs_mean_all_offdiag,abs_mean_nonzero,abs_median_nonzero,abs_q90_nonzero,abs_q999_nonzero,abs_q99_nonzero,abs_std_all_offdiag,abs_std_nonzero,log10_abs_mean_nonzero,log10_abs_median_nonzero,log10_abs_q10_nonzero,log10_abs_q90_nonzero,log10_abs_q99_nonzero,log10_abs_std_nonzero,method,nonzero_count,nonzero_density_offdiag,offdiag_count,phase,pruning_pct,pruning_seed,run_id,signed_mean_all_offdiag,signed_std_all_offdiag,source_model_label,source_network_seed,strategy,task_short,zero_count
0.4799298048019409,0.06259902175923052,0.06259902175923052,0.05450792238116264,0.12471801340579985,0.28031609392166235,0.1978659410774708,0.04592372039419748,0.04592372039419748,-1.3719752887618415,-1.26354037125351,-1.981341854113751,-0.9040708155092135,-0.7036289550508957,0.4716222825335093,Unpruned baseline,261632,1.0,261632,pre,80,0,baseline_ctxdlydm1intseq_tanh_h512_12k_lr0006_seqbest_no_l2_seed0,0.0002557529807269059,0.07763736349509748,ctxdlydm1intseq_tanh_h512_12k_lr0006_seqbest_no_l2_seed0,0,none,ctxdlydm1intseq,0
0.4799298048019409,0.06257534772591948,0.3245779812892103,0.35237471759319305,0.3721416562795639,0.3945619437992573,0.38439616560935974,0.13123773860434798,0.06555229973446317,-0.5020328368163535,-0.4529952591817855,-0.6683868871104163,-0.42929171380070097,-0.41522095311327906,0.12139274869973218,L-NP rescale,50440,0.19278987279843443,261632,post,80,0,taskpres_ctxdlydm1intseq_netseed0_vnp_rescale_p80_pruneseed0,-1.5497836321359954e-05,0.14539263370893307,ctxdlydm1intseq_tanh_h512_12k_lr0006_seqbest_no_l2_seed0,0,noise_prune,ctxdlydm1intseq,211192
0.4799298048019409,0.06283006009066759,0.3249328776762511,0.3526773303747177,0.3721192181110382,0.3936620309054852,0.3844575008749962,0.13151508942832527,0.06544891578554177,-0.5014882095432788,-0.4526224553024091,-0.6675610513243928,-0.42931790024438965,-0.4151516617325428,0.12105634876348702,L-NP rescale,50590,0.19336319716242661,261632,post,80,1,taskpres_ctxdlydm1intseq_netseed0_vnp_rescale_p80_pruneseed1,0.0004770803087461127,0.14575186994586486,ctxdlydm1intseq_tanh_h512_12k_lr0006_seqbest_no_l2_seed0,0,noise_prune,ctxdlydm1intseq,211042
0.4799298048019409,0.06255167039532322,0.32452594001208046,0.35240438580513,0.372259122133255,0.39406143653392794,0.3842788922786713,0.13122329473193564,0.06572490297249887,-0.5021740432527321,-0.45295869526817906,-0.669031058442246,-0.4291546511490003,-0.41535346992237693,0.1216694468319275,L-NP rescale,50429,0.19274782901174167,261632,post,80,2,taskpres_ctxdlydm1intseq_netseed0_vnp_rescale_p80_pruneseed2,0.00013725905725698272,0.14536934239894192,ctxdlydm1intseq_tanh_h512_12k_lr0006_seqbest_no_l2_seed0,0,noise_prune,ctxdlydm1intseq,211203
0.545307457447052,0.0630227629996366,0.0630227629996366,0.05466938205063343,0.12605405896902083,0.2757345332801343,0.2003803309798241,0.046327983934221696,0.046327983934221696,-1.3698335125413144,-1.262255835083038,-1.980568225168591,-0.8994431653826295,-0.6981449108158552,0.4719203011767914,Unpruned baseline,261632,1.0,261632,pre,80,0,baseline_ctxdlydm1intseq_tanh_h512_12k_lr0006_seqbest_no_l2_seed1,-0.0001037950852009029,0.07821853986171154,ctxdlydm1intseq_tanh_h512_12k_lr0006_seqbest_no_l2_seed1,1,none,ctxdlydm1intseq,0
0.545307457447052,0.06313562645812287,0.3294567039269936,0.3761672377586365,0.4071536213159561,0.43286260634660706,0.42291186928749086,0.13628897390808228,0.09584285790410646,-0.5097730465766461,-0.42461903196925066,-0.7958503369925921,-0.3902416981455393,-0.37375012593442014,0.1724863494313334,L-NP rescale,50138,0.19163557974559686,261632,post,80,0,taskpres_ctxdlydm1intseq_netseed1_vnp_rescale_p80_pruneseed0,-0.0003898988674009089,0.1502019963783796,ctxdlydm1intseq_tanh_h512_12k_lr0006_seqbest_no_l2_seed1,1,noise_prune,ctxdlydm1intseq,211494
0.545307457447052,0.06337020924292815,0.3297600259486411,0.37632232904434204,0.40732861757278443,0.43381676164269445,0.42282041281461713,0.13652341710780042,0.09563123742459767,-0.5092106567653802,-0.42444001210208154,-0.7953661024331079,-0.3900550767372663,-0.3738440541283032,0.17198810214857777,L-NP rescale,50278,0.1921706824853229,261632,post,80,1,taskpres_ctxdlydm1intseq_netseed1_vnp_rescale_p80_pruneseed1,0.00018976725265827966,0.15051375627055744,ctxdlydm1intseq_tanh_h512_12k_lr0006_seqbest_no_l2_seed1,1,noise_prune,ctxdlydm1intseq,211354
0.545307457447052,0.06292372350495273,0.3294878340447872,0.37630847096443176,0.4074739158153534,0.43374133968353273,0.4225746858119965,0.13613688855460593,0.09600072184122446,-0.509823654434496,-0.42445600530038124,-0.7964176958302507,-0.3899001871204238,-0.37409652279700883,0.17278245661063377,L-NP rescale,49965,0.19097434564579258,261632,post,80,2,taskpres_ctxdlydm1intseq_netseed1_vnp_rescale_p80_pruneseed2,-0.00029706712547061353,0.1499751951363288,ctxdlydm1intseq_tanh_h512_12k_lr0006_seqbest_no_l2_seed1,1,noise_prune,ctxdlydm1intseq,211667
0.5267032384872437,0.06214502812007855,0.06214502812007855,0.054541485384106636,0.12345375940203666,0.26335713651776316,0.19186469212174417,0.0448891075467393,0.0448891075467393,-1.3728307656677163,-1.263273038649394,-1.9808858794890345,-0.908495680436956,-0.7170049389364095,0.46879994829386695,Unpruned baseline,261632,1.0,261632,pre,80,0,baseline_ctxdlydm1intseq_tanh_h512_12k_lr0006_seqbest_no_l2_seed2,-3.5600486926443886e-05,0.076661823804247,ctxdlydm1intseq_tanh_h512_12k_lr0006_seqbest_no_l2_seed2,2,none,ctxdlydm1intseq,0
0.5267032384872437,0.06200126273218635,0.34111776866609284,0.3934438228607178,0.45833097100257875,0.4918367564678192,0.4796274310350418,0.14152957936915256,0.12244437090308342,-0.5115273227819868,-0.4051172688189455,-0.849570956300494,-0.338820794990428,-0.31909598655513793,0.2244866082802939,L-NP rescale,47554,0.18175911203522505,261632,post,80,0,taskpres_ctxdlydm1intseq_netseed2_vnp_rescale_p80_pruneseed0,-4.985844945245051e-05,0.15451464633143963,ctxdlydm1intseq_tanh_h512_12k_lr0006_seqbest_no_l2_seed2,2,noise_prune,ctxdlydm1intseq,214078
0.5267032384872437,0.06261561842054734,0.34144624687060265,0.3933354318141937,0.4585149049758911,0.49208146202564074,0.4793423897027969,0.1421121085590275,0.1221612208606635,-0.51088045785674,-0.4052369304061804,-0.8454723726272233,-0.3386465421235792,-0.31935416333045136,0.22405522130303854,L-NP rescale,47979,0.1833835310665362,261632,post,80,1,taskpres_ctxdlydm1intseq_netseed2_vnp_rescale_p80_pruneseed1,1.4066042412945422e-05,0.1552950960958744,ctxdlydm1intseq_tanh_h512_12k_lr0006_seqbest_no_l2_seed2,2,noise_prune,ctxdlydm1intseq,213653
0.5267032384872437,0.06231154503672187,0.3414748890085798,0.3934801518917084,0.4584991276264191,0.49184354901313776,0.47937115669250485,0.14187131679901147,0.12236718793784587,-0.5111831947175501,-0.40507716963750967,-0.8470424353268685,-0.3386614863132583,-0.3193281006032214,0.22525914893828403,L-NP rescale,47742,0.18247767857142858,261632,post,80,2,taskpres_ctxdlydm1intseq_netseed2_vnp_rescale_p80_pruneseed2,0.00024941725907104596,0.15495204731199833,ctxdlydm1intseq_tanh_h512_12k_lr0006_seqbest_no_l2_seed2,2,noise_prune,ctxdlydm1intseq,213890
0.4861200451850891,0.06286000665179273,0.06286000665179273,0.054738448932766914,0.1256548225879669,0.2724686501324186,0.19856108814477927,0.0460251561129873,0.0460251561129873,-1.3714317525622224,-1.2617075129084456,-1.9855184883571442,-0.9008208386843608,-0.7021058564077722,0.4745443781843322,Unpruned baseline,261632,1.0,261632,pre,80,0,baseline_ctxdlydm2intseq_tanh_h512_12k_lr0006_seqbest_no_l2_seed0,0.00010983831391164918,0.07790817265879794,ctxdlydm2intseq_tanh_h512_12k_lr0006_seqbest_no_l2_seed0,0,none,ctxdlydm2intseq,0
0.4861200451850891,0.06269263951129503,0.3263964471896034,0.37460312247276306,0.4056188941001892,0.4319217972755432,0.42124911785125724,0.1353877164602144,0.09673963451535073,-0.5146505248504691,-0.42642860692063417,-0.81186964142285,-0.39188182336842525,-0.3754609957975901,0.17447478961340498,L-NP rescale,50253,0.19207512842465754,261632,post,80,0,taskpres_ctxdlydm2intseq_netseed0_vnp_rescale_p80_pruneseed0,-0.00015802881479379038,0.14919844450964725,ctxdlydm2intseq_tanh_h512_12k_lr0006_seqbest_no_l2_seed0,0,noise_prune,ctxdlydm2intseq,211379
0.4861200451850891,0.06289044707108127,0.3268669113033857,0.37462836503982544,0.40588757991790775,0.4318501155376428,0.4215199548006058,0.13562116363478796,0.09649433296958781,-0.513812091754424,-0.4263993430475292,-0.8094753909406432,-0.3915942378091483,-0.3751818610195677,0.17384099895144653,L-NP rescale,50339,0.19240383439334638,261632,post,80,1,taskpres_ctxdlydm2intseq_netseed0_vnp_rescale_p80_pruneseed1,0.00014887877304319735,0.1494934319412239,ctxdlydm2intseq_tanh_h512_12k_lr0006_seqbest_no_l2_seed0,0,noise_prune,ctxdlydm2intseq,211293
0.4861200451850891,0.06263198567744697,0.3271025965498604,0.3749512583017349,0.40564683079719543,0.43176094412803623,0.42131601721048356,0.13543742806236528,0.09638936557924023,-0.5134661200570955,-0.4260251846094081,-0.8087696706413756,-0.39185191269166775,-0.37539202994536647,0.17385135708369512,L-NP rescale,50096,0.19147504892367906,261632,post,80,2,taskpres_ctxdlydm2intseq_netseed0_vnp_rescale_p80_pruneseed2,0.00015533586985426144,0.14921809012588194,ctxdlydm2intseq_tanh_h512_12k_lr0006_seqbest_no_l2_seed0,0,noise_prune,ctxdlydm2intseq,211536
0.4331549108028412,0.06310624575937089,0.06310624575937089,0.05474068038165569,0.12644477933645248,0.2706628406345854,0.19900772511959078,0.04626211127837656,0.04626211127837656,-1.3685480601543785,-1.2616898089689659,-1.9761170409477475,-0.8980990971396454,-0.7011300648146346,0.4706722235166505,Unpruned baseline,261632,1.0,261632,pre,80,0,baseline_ctxdlydm2intseq_tanh_h512_12k_lr0006_seqbest_no_l2_seed1,3.7158547037149824e-05,0.0782469156773441,ctxdlydm2intseq_tanh_h512_12k_lr0006_seqbest_no_l2_seed1,1,none,ctxdlydm2intseq,0
0.4331549108028412,0.06289900006401059,0.31578284084100355,0.32388582825660706,0.3310184419155121,0.34172541141510004,0.33652503490448,0.1265502889011033,0.023375262239415887,-0.5019647127198681,-0.48960805428869103,-0.5536553255108103,-0.4801478098528571,-0.472982622034387,0.03542861079934232,L-NP rescale,52113,0.19918435053816047,261632,post,80,0,taskpres_ctxdlydm2intseq_netseed1_vnp_rescale_p80_pruneseed0,-0.00017896826425020505,0.14131959453793203,ctxdlydm2intseq_tanh_h512_12k_lr0006_seqbest_no_l2_seed1,1,noise_prune,ctxdlydm2intseq,209519
0.4331549108028412,0.06317577287086573,0.31583299208450233,0.32390928268432617,0.3309967041015625,0.34159250238537797,0.33626480370759965,0.12677174698246949,0.02337144313041913,-0.5018970870543001,-0.4895766056768729,-0.553125117540819,-0.4801763306915517,-0.4733185872074648,0.03546275700398247,L-NP rescale,52334,0.20002904843444227,261632,post,80,1,taskpres_ctxdlydm2intseq_netseed1_vnp_rescale_p80_pruneseed1,0.0003838040810711718,0.14164076674900425,ctxdlydm2intseq_tanh_h512_12k_lr0006_seqbest_no_l2_seed1,1,noise_prune,ctxdlydm2intseq,209298
0.4331549108028412,0.06311707855050758,0.3158775679124374,0.3238909989595413,0.3309794068336487,0.3412213118076324,0.33622186124324793,0.12673421966192003,0.02325497954515501,-0.5018213241555848,-0.48960112101306563,-0.5522820584927114,-0.480199026697794,-0.47337405204319344,0.035267809796230135,L-NP rescale,52278,0.19981500733855187,261632,post,80,2,taskpres_ctxdlydm2intseq_netseed1_vnp_rescale_p80_pruneseed2,1.5844689778265508e-05,0.14158152346620848,ctxdlydm2intseq_tanh_h512_12k_lr0006_seqbest_no_l2_seed1,1,noise_prune,ctxdlydm2intseq,209354
0.5676171779632568,0.06056998285799605,0.06056998285799605,0.05354254133999348,0.11952524110674857,0.2518273074626932,0.18287955179810525,0.043194360048171704,0.043194360048171704,-1.3815575529171529,-1.271301019333929,-1.9882888007123465,-0.9225403715780472,-0.7378348513320327,0.4658871346830193,Unpruned baseline,261632,1.0,261632,pre,80,0,baseline_ctxdlydm2intseq_tanh_h512_12k_lr0006_seqbest_no_l2_seed2,4.6364253504021735e-05,0.0743940415204405,ctxdlydm2intseq_tanh_h512_12k_lr0006_seqbest_no_l2_seed2,2,none,ctxdlydm2intseq,0
0.7111995816230774,0.060424200382331324,0.40339128334856106,0.4535776525735855,0.6363668441772461,0.6904063917398455,0.6717580103874207,0.16414169678633725,0.20375935125568453,-0.4889958401304799,-0.3433483509571431,-1.0189288528726939,-0.19629245593618216,-0.172787146127031,0.33633080844144636,L-NP rescale,39190,0.14979054549902152,261632,post,80,0,taskpres_ctxdlydm2intseq_netseed2_vnp_rescale_p80_pruneseed0,0.00013383786805249627,0.1749101560892537,ctxdlydm2intseq_tanh_h512_12k_lr0006_seqbest_no_l2_seed2,2,noise_prune,ctxdlydm2intseq,222442
0.7111995816230774,0.0609716165459819,0.4055453407946698,0.45642098784446716,0.6371095180511475,0.6896364860534668,0.6722103953361511,0.16507416524836144,0.20373108671215334,-0.48651306788972737,-0.3406343934048567,-1.0198915870495158,-0.19578590677274632,-0.17249477570733326,0.3368358281218252,L-NP rescale,39335,0.15034475905088063,261632,post,80,1,taskpres_ctxdlydm2intseq_netseed2_vnp_rescale_p80_pruneseed1,-0.0003786124897774306,0.17597407396902587,ctxdlydm2intseq_tanh_h512_12k_lr0006_seqbest_no_l2_seed2,2,noise_prune,ctxdlydm2intseq,222297
0.7110254168510437,0.060680531630907475,0.40512322271250345,0.45649851858615875,0.6370237350463868,0.6899787846207621,0.6724371910095215,0.16471415060867856,0.20394141963112902,-0.48688759026663553,-0.3405606274855173,-1.0175758113530307,-0.1958443858659747,-0.17234827470380124,0.33616635235607795,L-NP rescale,39188,0.1497829011741683,261632,post,80,2,taskpres_ctxdlydm2intseq_netseed2_vnp_rescale_p80_pruneseed2,-0.000621770031741602,0.17553487326390627,ctxdlydm2intseq_tanh_h512_12k_lr0006_seqbest_no_l2_seed2,2,noise_prune,ctxdlydm2intseq,222444
0.4983336925506592,0.062443999331214944,0.062443999331214944,0.05456508323550224,0.12426195889711378,0.2762153970599177,0.1946334029734135,0.04548931430782615,0.04548931430782615,-1.372359413152429,-1.263085178005418,-1.9795831302806863,-0.9056618043490124,-0.710782624504675,0.4713487713934623,Unpruned baseline,261632,1.0,261632,pre,80,0,baseline_dlydm1intseq_tanh_h512_12k_lr0006_seqbest_no_l2_seed0,0.00012677583947350043,0.07725616283869848,dlydm1intseq_tanh_h512_12k_lr0006_seqbest_no_l2_seed0,0,none,dlydm1intseq,0
0.4983336925506592,0.06247572787289716,0.3303953597890128,0.37213215231895447,0.40000331997871397,0.42467832803726197,0.4148474013805389,0.13529579382170723,0.0910171916262527,-0.5070591607610835,-0.4293028051962659,-0.7826153578682626,-0.39793640406597747,-0.38211162620001826,0.17039613111900223,L-NP rescale,49473,0.18909384173189825,261632,post,80,0,taskpres_dlydm1intseq_netseed0_vnp_rescale_p80_pruneseed0,-0.00012079840320378447,0.1490240041296703,dlydm1intseq_tanh_h512_12k_lr0006_seqbest_no_l2_seed0,0,noise_prune,dlydm1intseq,212159
0.4983336925506592,0.06242988023860187,0.3298462090629028,0.37173086404800415,0.4002042829990387,0.42501041615009294,0.4150669050216675,0.1351713114371727,0.09126587478398046,-0.5078952530833185,-0.4297713788309214,-0.7851663683050524,-0.3977182678415265,-0.38188189331801853,0.17053912391877063,L-NP rescale,49519,0.1892696612035225,261632,post,80,1,taskpres_dlydm1intseq_netseed0_vnp_rescale_p80_pruneseed1,7.302541166831924e-05,0.148891799806237,dlydm1intseq_tanh_h512_12k_lr0006_seqbest_no_l2_seed0,0,noise_prune,dlydm1intseq,212113
0.4983336925506592,0.06213653333547606,0.3300291416721263,0.3718826472759247,0.40005878210067747,0.425184306025505,0.41464419722557067,0.13493164944231303,0.09104432773512774,-0.5075367512390285,-0.42959408614260153,-0.7848768746489855,-0.39787619150618264,-0.3823244080562302,0.17021259603721658,L-NP rescale,49259,0.18827589897260275,261632,post,80,2,taskpres_dlydm1intseq_netseed0_vnp_rescale_p80_pruneseed2,-8.104319912367801e-05,0.14855131176860698,dlydm1intseq_tanh_h512_12k_lr0006_seqbest_no_l2_seed0,0,noise_prune,dlydm1intseq,212373
0.4562293589115143,0.06286433781704401,0.06286433781704401,0.05444860830903053,0.12580304294824599,0.2849932617545139,0.19994543433189393,0.04638466803972352,0.04638466803972352,-1.3711412245623207,-1.2640132162100257,-1.9813592475189477,-0.9003088539671572,-0.6990885083469995,0.471641186884088,Unpruned baseline,261632,1.0,261632,pre,80,0,baseline_dlydm1intseq_tanh_h512_12k_lr0006_seqbest_no_l2_seed1,1.2213993506029014e-05,0.07812465839380767,dlydm1intseq_tanh_h512_12k_lr0006_seqbest_no_l2_seed1,1,none,dlydm1intseq,0
0.4562293589115143,0.06284807979344771,0.320896719668221,0.34235724806785583,0.35874617099761963,0.379428988695145,0.36937978863716125,0.1297572540456779,0.056222640136548215,-0.5031968849855333,-0.46552047322224177,-0.6483131760824593,-0.44521272558472297,-0.43252687154878783,0.10036350567751912,L-NP rescale,51241,0.19585142490215265,261632,post,80,0,taskpres_dlydm1intseq_netseed1_vnp_rescale_p80_pruneseed0,-0.00013664584033238591,0.14417630678829468,dlydm1intseq_tanh_h512_12k_lr0006_seqbest_no_l2_seed1,1,noise_prune,dlydm1intseq,210391
0.4562293589115143,0.06284247304448096,0.3208931418227773,0.34230881929397583,0.35869420170783994,0.3794857600927353,0.369513144493103,0.12975515976965732,0.056260053547284215,-0.503218898160128,-0.4655819114920761,-0.6480424779622547,-0.44527564364117495,-0.4323701080808426,0.10046575508044611,L-NP rescale,51237,0.1958361362524462,261632,post,80,1,taskpres_dlydm1intseq_netseed1_vnp_rescale_p80_pruneseed1,0.00032181166506663086,0.14417168356666937,dlydm1intseq_tanh_h512_12k_lr0006_seqbest_no_l2_seed1,1,noise_prune,dlydm1intseq,210395
0.4562293589115143,0.06302007209809649,0.3207732826826167,0.3423821032047272,0.35874098539352417,0.37866390943527223,0.36919522285461426,0.1298860257740767,0.05648174767199129,-0.503470636332165,-0.4654889445864919,-0.6504439866609677,-0.4452190032699023,-0.4327439270971081,0.10095041975751319,L-NP rescale,51401,0.19646297089041095,261632,post,80,2,taskpres_dlydm1intseq_netseed1_vnp_rescale_p80_pruneseed2,-6.784715654634654e-06,0.1443672716809493,dlydm1intseq_tanh_h512_12k_lr0006_seqbest_no_l2_seed1,1,noise_prune,dlydm1intseq,210231
0.4647740423679352,0.0631157744259321,0.0631157744259321,0.05468115955591202,0.1262970820069313,0.28245203885436126,0.20059283763170246,0.0465815434492334,0.0465815434492334,-1.369864413526066,-1.262162284486546,-1.9814725484093931,-0.8986066833595331,-0.6976845781367638,0.47316050543868626,Unpruned baseline,261632,1.0,261632,pre,80,0,baseline_dlydm1intseq_tanh_h512_12k_lr0006_seqbest_no_l2_seed2,-5.810780001334346e-05,0.078443851224819,dlydm1intseq_tanh_h512_12k_lr0006_seqbest_no_l2_seed2,2,none,dlydm1intseq,0
0.4647740423679352,0.06308390199992858,0.32400407239979023,0.36326515674591064,0.38572983741760253,0.4080949808955194,0.39883978277444837,0.13313384025951142,0.08059711562853562,-0.5088886977274785,-0.43977625630380507,-0.7307178189526895,-0.4137167657888819,-0.39920152895583194,0.14360957033680685,L-NP rescale,50940,0.19470095401174167,261632,post,80,0,taskpres_dlydm1intseq_netseed2_vnp_rescale_p80_pruneseed0,1.985704331634176e-05,0.14732344592589303,dlydm1intseq_tanh_h512_12k_lr0006_seqbest_no_l2_seed2,2,noise_prune,dlydm1intseq,210692
0.4647740423679352,0.0633192384316557,0.324080343310594,0.36309337615966797,0.38567128479480745,0.4075682032108307,0.3985338509082794,0.13332012333838236,0.08040269707210951,-0.5086644959327331,-0.43998167377413067,-0.730302299334272,-0.41378269538184725,-0.3995347843348622,0.14312151782621807,L-NP rescale,51118,0.19538129892367906,261632,post,80,1,taskpres_dlydm1intseq_netseed2_vnp_rescale_p80_pruneseed1,0.00017235308679455433,0.14759251856696473,dlydm1intseq_tanh_h512_12k_lr0006_seqbest_no_l2_seed2,2,noise_prune,dlydm1intseq,210514
0.4647740423679352,0.06315201630862224,0.323959615914228,0.3630189150571823,0.3856417089700699,0.4080704773366454,0.3986000311374664,0.13316768934726678,0.08049557719116979,-0.5089035862479834,-0.4400707455139976,-0.7308275341672908,-0.4138160012321197,-0.3994626717103869,0.14343195759662797,L-NP rescale,51002,0.1949379280821918,261632,post,80,2,taskpres_dlydm1intseq_netseed2_vnp_rescale_p80_pruneseed2,-4.265934443957885e-05,0.1473832040298859,dlydm1intseq_tanh_h512_12k_lr0006_seqbest_no_l2_seed2,2,noise_prune,dlydm1intseq,210630
0.4562340974807739,0.0625343790105556,0.0625343790105556,0.054701175540685654,0.12459556460380554,0.2712597568333155,0.19561415538191795,0.04548093597789178,0.04548093597789178,-1.3710238909881114,-1.2620033404798625,-1.9763221961022313,-0.9044974175687772,-0.7085997212175262,0.46958466473577726,Unpruned baseline,261632,1.0,261632,pre,80,0,baseline_dlydm2intseq_tanh_h512_12k_lr0006_seqbest_no_l2_seed0,0.00010659298481031401,0.07732433467930065,dlydm2intseq_tanh_h512_12k_lr0006_seqbest_no_l2_seed0,0,none,dlydm2intseq,0
0.4562340974807739,0.06257886048556723,0.3160007802547658,0.33993440866470337,0.35878042280673983,0.3787882673442362,0.370113422870636,0.12851412811446575,0.0575998807398003,-0.5100289975368985,-0.46860487326079303,-0.6681224284520653,-0.44517126267081325,-0.43166516409988603,0.09938103558420591,L-NP rescale,51812,0.19803387964774952,261632,post,80,0,taskpres_dlydm2intseq_netseed0_vnp_rescale_p80_pruneseed0,-0.00041162477968645204,0.14293993658083853,dlydm2intseq_tanh_h512_12k_lr0006_seqbest_no_l2_seed0,0,noise_prune,dlydm2intseq,209820
0.4562340974807739,0.06254396396988698,0.3159648261478204,0.3400628864765167,0.35868464708328246,0.37818633580207817,0.3699827611446381,0.1284982909681491,0.05782445426167536,-0.5101626237946858,-0.4684407631803875,-0.6698558362347073,-0.44528721219972356,-0.4318185108514096,0.09982065869212431,L-NP rescale,51789,0.19794596991193739,261632,post,80,1,taskpres_dlydm2intseq_netseed0_vnp_rescale_p80_pruneseed1,0.00029245185762153547,0.142910715772865,dlydm2intseq_tanh_h512_12k_lr0006_seqbest_no_l2_seed0,0,noise_prune,dlydm2intseq,209843
0.4562340974807739,0.06254518735338706,0.31576979772377295,0.3400265723466873,0.35871547758579253,0.3781818863153453,0.3698519548773766,0.12846747348143756,0.057982435637316115,-0.5105038155784848,-0.4684871424503469,-0.671128866773121,-0.4452498843079123,-0.43197208186658703,0.10020825623972639,L-NP rescale,51822,0.19807210127201566,261632,post,80,2,taskpres_dlydm2intseq_netseed0_vnp_rescale_p80_pruneseed2,-3.1869226591406414e-05,0.14288383809278973,dlydm2intseq_tanh_h512_12k_lr0006_seqbest_no_l2_seed0,0,noise_prune,dlydm2intseq,209810
0.5450218319892883,0.06276687943438088,0.06276687943438088,0.05460383743047714,0.12518063634634016,0.28391859477758546,0.2000900307297707,0.0462383495035917,0.0462383495035917,-1.3722760623517993,-1.2627768350194764,-1.9834307041079327,-0.902462845075906,-0.6987745491475207,0.4744134064939362,Unpruned baseline,261632,1.0,261632,pre,80,0,baseline_dlydm2intseq_tanh_h512_12k_lr0006_seqbest_no_l2_seed1,-1.0958229533068815e-05,0.07795938685407686,dlydm2intseq_tanh_h512_12k_lr0006_seqbest_no_l2_seed1,1,none,dlydm2intseq,0
0.5450218319892883,0.06271204625439412,0.33383816402762356,0.3699099272489548,0.40032548904418946,0.4271783214807512,0.4164343774318695,0.13556519670157022,0.08555621833771115,-0.49978231887001784,-0.4319040133980151,-0.738911669115191,-0.397586757138574,-0.3804534258676837,0.16342279514221258,L-NP rescale,49148,0.18785163894324852,261632,post,80,0,taskpres_dlydm2intseq_netseed1_vnp_rescale_p80_pruneseed0,-9.709950897582022e-05,0.14936771362591733,dlydm2intseq_tanh_h512_12k_lr0006_seqbest_no_l2_seed1,1,noise_prune,dlydm2intseq,212484
0.5450218319892883,0.06295414292541175,0.3340665731352695,0.37065544724464417,0.4006791472434998,0.42724835243821147,0.4166914561390877,0.13588211475572531,0.08607825971522509,-0.4998195231166617,-0.4310296129956189,-0.7404947332297934,-0.3972032591970799,-0.380185404245626,0.16473503744097898,L-NP rescale,49304,0.1884478962818004,261632,post,80,1,taskpres_dlydm2intseq_netseed1_vnp_rescale_p80_pruneseed1,4.542682511475003e-06,0.1497570472509568,dlydm2intseq_tanh_h512_12k_lr0006_seqbest_no_l2_seed1,1,noise_prune,dlydm2intseq,212328
0.5450218319892883,0.06259520762605301,0.3335759112255729,0.37019628286361694,0.4004539430141449,0.42740751963853874,0.4160602343082427,0.13547036562978573,0.08607042924190593,-0.5004975994281827,-0.43156794630684336,-0.7405627809365926,-0.39744742576311826,-0.38084379082040587,0.1648466416619206,L-NP rescale,49095,0.18764906433463796,261632,post,80,2,taskpres_dlydm2intseq_netseed1_vnp_rescale_p80_pruneseed2,-0.0003214326312025296,0.14923229095165733,dlydm2intseq_tanh_h512_12k_lr0006_seqbest_no_l2_seed1,1,noise_prune,dlydm2intseq,212537
0.5903859734535217,0.06296486139394201,0.06296486139394201,0.05486416816711426,0.1258806973695755,0.27118017712235537,0.19755219116806985,0.046032025787687496,0.046032025787687496,-1.3697653795250229,-1.2607112010693373,-1.9778660649960709,-0.9000408597942555,-0.7043181490602547,0.47275161164604856,Unpruned baseline,261632,1.0,261632,pre,80,0,baseline_dlydm2intseq_tanh_h512_12k_lr0006_seqbest_no_l2_seed2,0.00017843422573383475,0.07799672640376482,dlydm2intseq_tanh_h512_12k_lr0006_seqbest_no_l2_seed2,2,none,dlydm2intseq,0
0.5903859734535217,0.0629635634482952,0.31495866455278615,0.3217543363571167,0.32866221070289614,0.33855510157346685,0.33382890760898587,0.12632125576710715,0.02128269637804683,-0.5028705455932108,-0.4924755912976184,-0.545851973437609,-0.4832502278523977,-0.47647605869490284,0.03227448474108762,L-NP rescale,52303,0.19991056139921723,261632,post,80,0,taskpres_dlydm2intseq_netseed2_vnp_rescale_p80_pruneseed0,0.00046574088115811915,0.14114266919014254,dlydm2intseq_tanh_h512_12k_lr0006_seqbest_no_l2_seed2,2,noise_prune,dlydm2intseq,209329
0.5903859734535217,0.06317260853126973,0.3152449200872258,0.3217215836048126,0.32866119146347045,0.3387476098537445,0.33382866740226746,0.12652706460633784,0.020599297964734795,-0.502395874489463,-0.4925198022437124,-0.542857329300135,-0.4832515746787293,-0.47647637119207886,0.03104417741241948,L-NP rescale,52429,0.20039215386497064,261632,post,80,1,taskpres_dlydm2intseq_netseed2_vnp_rescale_p80_pruneseed1,0.0003217210563276976,0.14142055381769425,dlydm2intseq_tanh_h512_12k_lr0006_seqbest_no_l2_seed2,2,noise_prune,dlydm2intseq,209203
0.5903859734535217,0.062800247131912,0.31505127814113365,0.321719765663147,0.3286583095788956,0.33864985322952285,0.33385845094919203,0.1262152605724399,0.021114223323399545,-0.5027254471384346,-0.4925222563043353,-0.5444100511234875,-0.4832553828317395,-0.4764376260220237,0.0320326080544683,L-NP rescale,52152,0.19933341487279843,261632,post,80,2,taskpres_dlydm2intseq_netseed2_vnp_rescale_p80_pruneseed2,0.00010633953579759805,0.14097571327395808,dlydm2intseq_tanh_h512_12k_lr0006_seqbest_no_l2_seed2,2,noise_prune,dlydm2intseq,209480
0.5012894868850708,0.06375027105903715,0.06375027105903715,0.05668238177895546,0.12442032769322395,0.2829925782680519,0.19564570039510729,0.04542439793979768,0.04542439793979768,-1.357626425084255,-1.246551909105141,-1.9563840921609306,-0.9051086591650946,-0.7085296919541432,0.46469908023652906,Unpruned baseline,261632,1.0,261632,pre,80,0,baseline_dm1seqr_tanh_h512_12k_lr0006_seqbest_no_l2_seed0,5.909301146106188e-05,0.07827815465575182,dm1seqr_tanh_h512_12k_lr0006_seqbest_no_l2_seed0,0,none,dm1seqr,0
0.5012894868850708,0.06381278907099452,0.31913957315866576,0.3271801918745041,0.3387648701667786,0.3663999519348138,0.34621813863515855,0.12816099506338563,0.02570581222571196,-0.4976564491355481,-0.4852129972382643,-0.5436071563520936,-0.47010163223862494,-0.4606501828429846,0.03924590939888091,L-NP rescale,52314,0.19995260518591,261632,post,80,0,taskpres_dm1seqr_netseed0_vnp_rescale_p80_pruneseed0,-0.0002952088756689988,0.14316852152752055,dm1seqr_tanh_h512_12k_lr0006_seqbest_no_l2_seed0,0,noise_prune,dm1seqr,209318
0.5012894868850708,0.06361172484023699,0.3190304750781315,0.327158659696579,0.33871471881866455,0.3664501399993905,0.34611604332923884,0.12798498207036396,0.025781129369658005,-0.4978152657875555,-0.48524157969493253,-0.5441965885098722,-0.47016593071639123,-0.4607782696522784,0.039368171933400115,L-NP rescale,52167,0.19939074730919765,261632,post,80,1,taskpres_dm1seqr_netseed0_vnp_rescale_p80_pruneseed1,5.600190284723915e-05,0.142921670982704,dm1seqr_tanh_h512_12k_lr0006_seqbest_no_l2_seed0,0,noise_prune,dm1seqr,209465
0.5012894868850708,0.06372775142977548,0.31911077842781715,0.32714173197746277,0.33867769241333007,0.36642214393615735,0.3460448384284973,0.12809064160725453,0.025731525354575086,-0.4977015377597071,-0.48526405137643713,-0.5439540186870889,-0.4702134079637386,-0.46086762426960454,0.039334240073437894,L-NP rescale,52249,0.19970416462818003,261632,post,80,2,taskpres_dm1seqr_netseed0_vnp_rescale_p80_pruneseed2,-0.00013648243508221483,0.14306788648120267,dm1seqr_tanh_h512_12k_lr0006_seqbest_no_l2_seed0,0,noise_prune,dm1seqr,209383
0.3777536451816559,0.059723014870712826,0.059723014870712826,0.05484377220273018,0.11411342024803162,0.22584943212569045,0.16814208552241325,0.040162328092633634,0.040162328092633634,-1.377705726952146,-1.260872681731756,-1.96725862774757,-0.9426632776069451,-0.7743235701861029,0.4568289391583101,Unpruned baseline,261632,1.0,261632,pre,80,0,baseline_dm1seqr_tanh_h512_12k_lr0006_seqbest_no_l2_seed1,3.358510492909056e-05,0.07197117461253819,dm1seqr_tanh_h512_12k_lr0006_seqbest_no_l2_seed1,1,none,dm1seqr,0
0.3777536451816559,0.05979051399007102,0.2985497596475039,0.2992890179157257,0.3172284007072449,0.3403156033754348,0.33043648838996886,0.11967091626121094,0.015087868073839928,-0.52554599976241,-0.5239092188300528,-0.5545443058868214,-0.4986279382597359,-0.4809120018314978,0.022197310378438292,L-NP rescale,52397,0.20026984466731898,261632,post,80,0,taskpres_dm1seqr_netseed1_vnp_rescale_p80_pruneseed0,1.0192158065623295e-05,0.13377605786580257,dm1seqr_tanh_h512_12k_lr0006_seqbest_no_l2_seed1,1,noise_prune,dm1seqr,209235
0.3777536451816559,0.05982660353987946,0.2985476346553576,0.29929119348526,0.3172601401805878,0.3388110247850418,0.3304248952865601,0.11969675945554481,0.01505935004410635,-0.5255471745556627,-0.5239060619002855,-0.5544209749559905,-0.4985844882118515,-0.4809272390854613,0.02216143041605778,L-NP rescale,52429,0.20039215386497064,261632,post,80,1,taskpres_dm1seqr_netseed1_vnp_rescale_p80_pruneseed1,0.00021376317481322618,0.13381513748668936,dm1seqr_tanh_h512_12k_lr0006_seqbest_no_l2_seed1,1,noise_prune,dm1seqr,209203
0.3777536451816559,0.05952299455024253,0.29858731709044123,0.299295037984848,0.31744125485420227,0.3403786511719227,0.3306042283773422,0.1194816372697148,0.015196658567107984,-0.5254995034087048,-0.5239004832740924,-0.554573997773799,-0.49833663274542533,-0.48069159621344265,0.02235866528874895,L-NP rescale,52156,0.1993487035225049,261632,post,80,2,taskpres_dm1seqr_netseed1_vnp_rescale_p80_pruneseed2,-4.141058285498295e-05,0.13348725336167325,dm1seqr_tanh_h512_12k_lr0006_seqbest_no_l2_seed1,1,noise_prune,dm1seqr,209476
0.4515940546989441,0.062064347494027075,0.062064347494027075,0.055860722437500954,0.12021163180470466,0.2581850530803213,0.1844134841859341,0.043251488968159786,0.043251488968159786,-1.3659130890794358,-1.2528934519431643,-1.9631483230408133,-0.9200535075073039,-0.7342073269373136,0.46039565982941694,Unpruned baseline,261632,1.0,261632,pre,80,0,baseline_dm1seqr_tanh_h512_12k_lr0006_seqbest_no_l2_seed2,3.615162725376483e-05,0.07564835240031365,dm1seqr_tanh_h512_12k_lr0006_seqbest_no_l2_seed2,2,none,dm1seqr,0
0.4515940546989441,0.062069630946776304,0.3103979831772426,0.31117336452007294,0.3193169951438904,0.3312495313584797,0.325279706120491,0.12421496957089269,0.008863411079757907,-0.5082673377230741,-0.506997584359406,-0.5205227593131857,-0.49577796620609893,-0.48774303107775074,0.01289575131211108,L-NP rescale,52318,0.19996789383561644,261632,post,80,0,taskpres_dm1seqr_netseed2_vnp_rescale_p80_pruneseed0,0.0002821464669743075,0.13885934662361762,dm1seqr_tanh_h512_12k_lr0006_seqbest_no_l2_seed2,2,noise_prune,dm1seqr,209314
0.4515940546989441,0.06221098719405534,0.31044622254010346,0.31116753816604614,0.3192372500896454,0.3313319528102875,0.32535553216934204,0.12432941776406882,0.00860698074867178,-0.5081876231314363,-0.5070057160869227,-0.5204725319260177,-0.4958864388611051,-0.4876418043596317,0.012435141619522022,L-NP rescale,52429,0.20039215386497064,261632,post,80,1,taskpres_dm1seqr_netseed2_vnp_rescale_p80_pruneseed1,-0.00014868823381062457,0.13902513780255854,dm1seqr_tanh_h512_12k_lr0006_seqbest_no_l2_seed2,2,noise_prune,dm1seqr,209203
0.4515940546989441,0.06207756026875348,0.31041983616969304,0.31122902035713196,0.31921058893203735,0.33089821457862856,0.3252818167209625,0.12422474859708155,0.008748469626370542,-0.5082315808690092,-0.5069199142744124,-0.5204953150285271,-0.495922710559161,-0.48774021313532834,0.012708698689651769,L-NP rescale,52321,0.1999793603228963,261632,post,80,2,taskpres_dm1seqr_netseed2_vnp_rescale_p80_pruneseed2,-8.180977684607885e-05,0.13887190126187965,dm1seqr_tanh_h512_12k_lr0006_seqbest_no_l2_seed2,2,noise_prune,dm1seqr,209311
0.6276222467422485,0.06402644739003566,0.06402644739003566,0.05662590265274048,0.1256417825818062,0.29456733894348186,0.19724750041961675,0.04613458912750861,0.04613458912750861,-1.3576870351097188,-1.2469848620112973,-1.9593600300459522,-0.9008659105420112,-0.7049884919597023,0.4664205113903713,Unpruned baseline,261632,1.0,261632,pre,80,0,baseline_dm2seql_tanh_h512_12k_lr0006_seqbest_no_l2_seed0,0.0001888723205144208,0.07891609852621696,dm2seql_tanh_h512_12k_lr0006_seqbest_no_l2_seed0,0,none,dm2seql,0
0.6276222467422485,0.0640454536488183,0.32115649504643284,0.3318541347980499,0.34381436705589297,0.38563794434070686,0.3516165894269943,0.12910647885495627,0.031802111195660766,-0.495916859993415,-0.4790527668157013,-0.5500942195395966,-0.4636759792995399,-0.4539306429167398,0.050671620207272554,L-NP rescale,52175,0.19942132460861056,261632,post,80,0,taskpres_dm2seql_netseed0_vnp_rescale_p80_pruneseed0,0.0001714756056655439,0.14411895646140677,dm2seql_tanh_h512_12k_lr0006_seqbest_no_l2_seed0,0,noise_prune,dm2seql,209457
0.6276222467422485,0.0640366339192686,0.321241565470838,0.33187127113342285,0.34387414157390594,0.38565980523824855,0.35155503630638124,0.1291152271418747,0.031691136670383396,-0.49577827193489576,-0.4790303412287872,-0.550374531254764,-0.46360048074742793,-0.45400667607762374,0.050426558766825016,L-NP rescale,52154,0.19934105919765166,261632,post,80,1,taskpres_dm2seql_netseed0_vnp_rescale_p80_pruneseed1,0.0004377415507779878,0.14412231175617135,dm2seql_tanh_h512_12k_lr0006_seqbest_no_l2_seed0,0,noise_prune,dm2seql,209478
0.6276222467422485,0.06377061769621307,0.32118804622291647,0.3318367898464203,0.3438190072774887,0.38586267501115823,0.35168983936309817,0.12889928955927749,0.03168740487793815,-0.4958560032631508,-0.47907546658905553,-0.5503609402144578,-0.4636701179703404,-0.453840178676223,0.05050858979341278,L-NP rescale,51946,0.19854604941291584,261632,post,80,2,taskpres_dm2seql_netseed0_vnp_rescale_p80_pruneseed2,5.602416274964321e-05,0.14381138825397738,dm2seql_tanh_h512_12k_lr0006_seqbest_no_l2_seed0,0,noise_prune,dm2seql,209686
0.5323428511619568,0.06331346818824074,0.06331346818824074,0.056434350088238716,0.12341465950012206,0.2813532011806968,0.19368544816970829,0.04502372978576598,0.04502372978576598,-1.3606514421495435,-1.2484564720328055,-1.9582396972049096,-0.9086332506662315,-0.7129030072633102,0.4655812661300912,Unpruned baseline,261632,1.0,261632,pre,80,0,baseline_dm2seql_tanh_h512_12k_lr0006_seqbest_no_l2_seed1,0.00012385301270322882,0.07768987165825599,dm2seql_tanh_h512_12k_lr0006_seqbest_no_l2_seed1,1,none,dm2seql,0
0.5323428511619568,0.06341629173728973,0.3168174764141796,0.3231193572282791,0.33390418589115145,0.3504471536576748,0.3413632526993751,0.12717406923430674,0.022737005102473822,-0.5004923939277265,-0.49063702376643004,-0.5324538704790941,-0.4763781365073606,-0.4667832319375997,0.03500418540628228,L-NP rescale,52370,0.2001666462818004,261632,post,80,0,taskpres_dm2seql_netseed1_vnp_rescale_p80_pruneseed0,-0.00023150778462820542,0.14210846683947773,dm2seql_tanh_h512_12k_lr0006_seqbest_no_l2_seed1,1,noise_prune,dm2seql,209262
0.5323428511619568,0.0634902094509849,0.3168298170684179,0.3231697976589203,0.3339361071586609,0.35100020754337313,0.3412116038799286,0.1272354073714814,0.022810096588041152,-0.500483663309636,-0.49056923367397914,-0.5326565672204346,-0.4763366199035487,-0.4669762078237796,0.03510974583454967,L-NP rescale,52429,0.20039215386497064,261632,post,80,1,taskpres_dm2seql_netseed1_vnp_rescale_p80_pruneseed1,0.0004230009172856261,0.1421959094184524,dm2seql_tanh_h512_12k_lr0006_seqbest_no_l2_seed1,1,noise_prune,dm2seql,209203
0.5323428511619568,0.06336636766977016,0.3169129949759583,0.32319316267967224,0.3338607132434845,0.35057072377204895,0.34128670454025267,0.12715340127386388,0.02254824695065611,-0.5003399564724892,-0.49053783552708896,-0.5321311018043128,-0.476434683148117,-0.4668806301429064,0.034725592308870463,L-NP rescale,52313,0.19994878302348337,261632,post,80,2,taskpres_dm2seql_netseed1_vnp_rescale_p80_pruneseed2,-8.143229520999974e-05,0.1420678618687352,dm2seql_tanh_h512_12k_lr0006_seqbest_no_l2_seed1,1,noise_prune,dm2seql,209319
0.5082520842552185,0.06016992779639057,0.06016992779639057,0.0549903828650713,0.11521200090646744,0.2354930741339925,0.17021228522062304,0.04069196648292949,0.04069196648292949,-1.3748807922779072,-1.259713256601775,-1.9655075101616453,-0.9385022808445355,-0.7690090976598538,0.456933152560564,Unpruned baseline,261632,1.0,261632,pre,80,0,baseline_dm2seql_tanh_h512_12k_lr0006_seqbest_no_l2_seed2,3.107748570283252e-05,0.0726378371199239,dm2seql_tanh_h512_12k_lr0006_seqbest_no_l2_seed2,2,none,dm2seql,0
0.5082520842552185,0.06022754025364426,0.3008755023990196,0.30112195014953613,0.30837016105651854,0.3182220757007599,0.31392273902893064,0.12042247299019045,0.006296929074244007,-0.5217081765047858,-0.5212575856320352,-0.5327102537864823,-0.5109276523963239,-0.503177224993471,0.009086825541983983,L-NP rescale,52372,0.20017429060665362,261632,post,80,0,taskpres_dm2seql_netseed2_vnp_rescale_p80_pruneseed0,0.0004569359544943471,0.1346429345179723,dm2seql_tanh_h512_12k_lr0006_seqbest_no_l2_seed2,2,noise_prune,dm2seql,209260
0.5082520842552185,0.06030318658291353,0.30092588666693687,0.30109110474586487,0.30840365290641786,0.31846266984939575,0.31402669191360477,0.12049023558644262,0.006150795212668247,-0.5216306603266181,-0.5213020748321456,-0.5327220546009417,-0.5108804865632524,-0.5030334358425811,0.008844205789201118,L-NP rescale,52429,0.20039215386497064,261632,post,80,1,taskpres_dm2seql_netseed2_vnp_rescale_p80_pruneseed1,0.00020815556005022531,0.1347379970720693,dm2seql_tanh_h512_12k_lr0006_seqbest_no_l2_seed2,2,noise_prune,dm2seql,209203
0.5082520842552185,0.060120454778755356,0.30082878774217914,0.3010680079460144,0.30840075612068174,0.31820306795835496,0.31402685403823855,0.12033105361219835,0.0063537768864311076,-0.5217774054812465,-0.5213353909856944,-0.53283876488557,-0.510884565839889,-0.5030332116043744,0.009173219216852692,L-NP rescale,52287,0.1998494068003914,261632,post,80,2,taskpres_dm2seql_netseed2_vnp_rescale_p80_pruneseed2,-5.995323086419888e-05,0.1345140436974379,dm2seql_tanh_h512_12k_lr0006_seqbest_no_l2_seed2,2,noise_prune,dm2seql,209345
0.3958001136779785,0.061807094728411456,0.061807094728411456,0.05603707209229469,0.11844595968723297,0.2591252331435684,0.18684385985136034,0.04281340396081572,0.04281340396081572,-1.3654977426004038,-1.2515245644532271,-1.9592345265792608,-0.9264797489173401,-0.7285211698729188,0.4572830733549851,Unpruned baseline,261632,1.0,261632,pre,80,0,baseline_dmsintseq_tanh_h512_12k_lr0006_seqbest_no_l2_seed0,0.00014996669478533012,0.07518698043856578,dmsintseq_tanh_h512_12k_lr0006_seqbest_no_l2_seed0,0,none,dmsintseq,0
0.3958001136779785,0.061727947951317266,0.3090673724193179,0.31953099370002747,0.32709503173828125,0.332925843924284,0.33072515547275544,0.12402645416591318,0.023975537708737255,-0.5114065402663324,-0.4954870099936785,-0.5666834827317017,-0.4853260523441349,-0.48053277073791995,0.03664964957978904,L-NP rescale,52254,0.19972327544031312,261632,post,80,0,taskpres_dmsintseq_netseed0_vnp_rescale_p80_pruneseed0,-0.00014018754264314288,0.13853837460683155,dmsintseq_tanh_h512_12k_lr0006_seqbest_no_l2_seed0,0,noise_prune,dmsintseq,209378
0.3958001136779785,0.06183275869223262,0.30914252478819426,0.3195645809173584,0.32709115743637085,0.33282702055573465,0.3307430249452591,0.12412307545710358,0.02394628170398599,-0.511299606160205,-0.49544136191301036,-0.566208537194834,-0.485331196409528,-0.4805093059010861,0.03665521208970129,L-NP rescale,52330,0.20001375978473582,261632,post,80,1,taskpres_dmsintseq_netseed0_vnp_rescale_p80_pruneseed1,4.6736569191218004e-05,0.1386716471529591,dmsintseq_tanh_h512_12k_lr0006_seqbest_no_l2_seed0,0,noise_prune,dmsintseq,209302
0.3958001136779785,0.061786867294632765,0.30909028038297054,0.31954824924468994,0.3271346688270569,0.33286469799280166,0.33068357199430465,0.12407534271718175,0.023942153817153016,-0.5113694552716064,-0.49546355754194815,-0.5670412199134882,-0.48527342810848023,-0.48058737983516125,0.036582569727028356,L-NP rescale,52300,0.19989909491193739,261632,post,80,2,taskpres_dmsintseq_netseed0_vnp_rescale_p80_pruneseed2,0.00013098901833923362,0.13860840696850873,dmsintseq_tanh_h512_12k_lr0006_seqbest_no_l2_seed0,0,noise_prune,dmsintseq,209332
0.3486803472042084,0.059884738247961235,0.059884738247961235,0.05517894774675369,0.11380224376916885,0.23860477709770256,0.1708933956921102,0.0403183127357304,0.0403183127357304,-1.3757888489591648,-1.2582265857008608,-1.9643874020243544,-0.9438491751419522,-0.7672747277065516,0.4554340521706919,Unpruned baseline,261632,1.0,261632,pre,80,0,baseline_dmsintseq_tanh_h512_12k_lr0006_seqbest_no_l2_seed1,0.00018703696211327855,0.07219219649004865,dmsintseq_tanh_h512_12k_lr0006_seqbest_no_l2_seed1,1,none,dmsintseq,0
0.3486803472042084,0.05967326234393241,0.2994789183911556,0.30536873638629913,0.3106160044670105,0.3154329300522804,0.3135028862953186,0.11981119319459188,0.014983826431077334,-0.5242224354507821,-0.5151754280193761,-0.5568039984662916,-0.507776171039403,-0.5037584564398332,0.0230832245270067,L-NP rescale,52132,0.19925697162426614,261632,post,80,0,taskpres_dmsintseq_netseed1_vnp_rescale_p80_pruneseed0,9.966064850506309e-05,0.13384920739860484,dmsintseq_tanh_h512_12k_lr0006_seqbest_no_l2_seed1,1,noise_prune,dmsintseq,209500
0.3486803472042084,0.05999601354526125,0.29946156811480606,0.3052993416786194,0.3106426954269409,0.3153080940246582,0.3135184645652771,0.1200485098063924,0.014931317467140973,-0.5242428393554243,-0.5152741321757934,-0.5569069360891309,-0.5077388541001012,-0.5037368764515548,0.022982642873020515,L-NP rescale,52417,0.20034628791585127,261632,post,80,1,taskpres_dmsintseq_netseed1_vnp_rescale_p80_pruneseed1,0.000295466780031479,0.1342053614705484,dmsintseq_tanh_h512_12k_lr0006_seqbest_no_l2_seed1,1,noise_prune,dmsintseq,209215
0.3486803472042084,0.06002480607294594,0.29953670797606274,0.3053523302078247,0.3105893611907959,0.31520900344848635,0.31342059016227725,0.12008378719337892,0.014726750080728683,-0.5241152428785565,-0.5151987614629786,-0.556661930153114,-0.5078134245097902,-0.5038724759632114,0.022584528383488848,L-NP rescale,52429,0.20039215386497064,261632,post,80,2,taskpres_dmsintseq_netseed1_vnp_rescale_p80_pruneseed2,-8.382305413814454e-05,0.1342500885083324,dmsintseq_tanh_h512_12k_lr0006_seqbest_no_l2_seed1,1,noise_prune,dmsintseq,209203
0.49289706349372864,0.06379893024308436,0.06379893024308436,0.05691158398985863,0.12239571884274482,0.3031654712855818,0.20810690656304362,0.04579386234040635,0.04579386234040635,-1.3544275066343088,-1.244799326741144,-1.9452127232104883,-0.9122337726767117,-0.6817135064202161,0.4581203345888181,Unpruned baseline,261632,1.0,261632,pre,80,0,baseline_dmsintseq_tanh_h512_12k_lr0006_seqbest_no_l2_seed2,0.00021072705325225053,0.07853239409519525,dmsintseq_tanh_h512_12k_lr0006_seqbest_no_l2_seed2,2,none,dmsintseq,0
0.49289706349372864,0.06397287088707514,0.3202462527921177,0.3404488265514374,0.3629275470972061,0.3737671375274658,0.36919874608516695,0.12983757505025087,0.04815625695659947,-0.5003372694206598,-0.46794815839674997,-0.6156919220305432,-0.44018006652456754,-0.4327397826440181,0.07440970358566387,L-NP rescale,52264,0.19976149706457927,261632,post,80,0,taskpres_dmsintseq_netseed2_vnp_rescale_p80_pruneseed0,0.0006084965558532615,0.14474098879172215,dmsintseq_tanh_h512_12k_lr0006_seqbest_no_l2_seed2,2,noise_prune,dmsintseq,209368
0.49289706349372864,0.06390121074426654,0.3202245124297332,0.340426504611969,0.3628769159317017,0.37362955093383793,0.3691983187198639,0.12978010562047482,0.04819485248103822,-0.5003980526692945,-0.46797663437295905,-0.6158768575698287,-0.44024065814930896,-0.43274028536106524,0.07469631059343622,L-NP rescale,52209,0.19955127813111545,261632,post,80,1,taskpres_dmsintseq_netseed2_vnp_rescale_p80_pruneseed1,0.00047262537533712597,0.14465827724226277,dmsintseq_tanh_h512_12k_lr0006_seqbest_no_l2_seed2,2,noise_prune,dmsintseq,209423
0.49289706349372864,0.06403327694862357,0.3203647514939053,0.34051766991615295,0.3628448098897934,0.3736753684282304,0.36919854193925855,0.1299100814164661,0.04812336983646864,-0.5001836209689413,-0.4678603470545833,-0.6151248624915084,-0.4402790846601949,-0.4327400227849833,0.07453060938201085,L-NP rescale,52294,0.1998761619373777,261632,post,80,2,taskpres_dmsintseq_netseed2_vnp_rescale_p80_pruneseed2,-0.00016615575459902402,0.1448339124745209,dmsintseq_tanh_h512_12k_lr0006_seqbest_no_l2_seed2,2,noise_prune,dmsintseq,209338
0.4749915599822998,0.060630566001510525,0.060630566001510525,0.05287991464138031,0.12113054543733597,0.263768376946451,0.18855448871850972,0.044220195938923464,0.044220195938923464,-1.3857124719404452,-1.2767092546129395,-1.9987993407877005,-0.9167463271944658,-0.724563124737486,0.4707547633184446,Unpruned baseline,261632,1.0,261632,pre,80,0,baseline_multidlydmintseq_tanh_h512_12k_lr0006_seqbest_no_l2_seed0,0.00010901524012197794,0.07504318342273156,multidlydmintseq_tanh_h512_12k_lr0006_seqbest_no_l2_seed0,0,none,multidlydmintseq,0
0.4749915599822998,0.060696203280480074,0.312513658768815,0.33886243402957916,0.3645510166883469,0.3966125462055205,0.3817190456390381,0.1273580165546996,0.06941003533858171,-0.5213734551260856,-0.4699765739725514,-0.7232369614912828,-0.4382416862326883,-0.4182561706611395,0.1326631472077863,L-NP rescale,50814,0.19421936154598826,261632,post,80,0,taskpres_multidlydmintseq_netseed0_vnp_rescale_p80_pruneseed0,-0.00037377791953605277,0.14108137284375774,multidlydmintseq_tanh_h512_12k_lr0006_seqbest_no_l2_seed0,0,noise_prune,multidlydmintseq,210818
0.4749915599822998,0.060695393491671246,0.31211024568118345,0.3385573923587799,0.36430819034576417,0.39510509383678466,0.3818724501132965,0.1272680374404994,0.06942974404940437,-0.5219613067791075,-0.470367698996741,-0.7227829517057678,-0.4385310648770254,-0.4180816723812236,0.132741099113777,L-NP rescale,50879,0.1944678021037182,261632,post,80,1,taskpres_multidlydmintseq_netseed0_vnp_rescale_p80_pruneseed1,-1.0434276504768331e-05,0.14100029800036254,multidlydmintseq_tanh_h512_12k_lr0006_seqbest_no_l2_seed0,0,noise_prune,multidlydmintseq,210753
0.4749915599822998,0.06056020117000371,0.3121697248110649,0.33882465958595276,0.36445896327495575,0.39537814587354736,0.3817771732807159,0.12719095325530203,0.06960960660424209,-0.5219690579771674,-0.4700249893319588,-0.7246740329896975,-0.4383513645408137,-0.4181900419357247,0.13312811749837286,L-NP rescale,50756,0.19399767612524463,261632,post,80,2,taskpres_multidlydmintseq_netseed0_vnp_rescale_p80_pruneseed2,0.00026130229040195274,0.1408723119596494,multidlydmintseq_tanh_h512_12k_lr0006_seqbest_no_l2_seed0,0,noise_prune,multidlydmintseq,210876
0.4933485686779022,0.06267395042761295,0.06267395042761295,0.05417167209088802,0.12585914582014082,0.276438938617707,0.1988660991191864,0.04627719440801526,0.04627719440801526,-1.373906938349119,-1.2662277590506572,-1.9865937978854995,-0.9001152200465234,-0.7014392451560297,0.475585366533916,Unpruned baseline,261632,1.0,261632,pre,80,0,baseline_multidlydmintseq_tanh_h512_12k_lr0006_seqbest_no_l2_seed1,0.00013868905879680756,0.07790753204809593,multidlydmintseq_tanh_h512_12k_lr0006_seqbest_no_l2_seed1,1,none,multidlydmintseq,0
0.4933485686779022,0.06293921795900746,0.32053634152280464,0.35053274035453796,0.38267080783843993,0.41700928163528417,0.4022702503204345,0.1316078755135284,0.07510752244656113,-0.5114217874419306,-0.4552714119590817,-0.7204803944496115,-0.4171746668022852,-0.39548208449195643,0.13549428010065445,L-NP rescale,51373,0.19635595034246575,261632,post,80,0,taskpres_multidlydmintseq_netseed1_vnp_rescale_p80_pruneseed0,-2.351647129051347e-05,0.145883438064269,multidlydmintseq_tanh_h512_12k_lr0006_seqbest_no_l2_seed1,1,noise_prune,multidlydmintseq,210259
0.4933485686779022,0.06280223597030186,0.32093196221301645,0.35054610669612885,0.3826835721731186,0.41612261182069776,0.40229579418897626,0.13154544789321732,0.07473862127278781,-0.510682014290006,-0.45525485197463056,-0.7172570666656755,-0.41716018075369027,-0.3954545077709081,0.13470723878113358,L-NP rescale,51198,0.1956870719178082,261632,post,80,1,taskpres_multidlydmintseq_netseed1_vnp_rescale_p80_pruneseed1,0.00018123814554446706,0.1457679418014511,multidlydmintseq_tanh_h512_12k_lr0006_seqbest_no_l2_seed1,1,noise_prune,multidlydmintseq,210434
0.4933485686779022,0.06267175907569271,0.3207915183803192,0.3505516052246094,0.38267703354358673,0.4167258359491834,0.40197362661361696,0.13143051990785776,0.07493952114314825,-0.5109753999335785,-0.45524803985303874,-0.7188730208865396,-0.4171676012842535,-0.3958024399335118,0.13509806863124002,L-NP rescale,51114,0.1953660102739726,261632,post,80,2,taskpres_multidlydmintseq_netseed1_vnp_rescale_p80_pruneseed2,0.00048538619154492855,0.1456073327450803,multidlydmintseq_tanh_h512_12k_lr0006_seqbest_no_l2_seed1,1,noise_prune,multidlydmintseq,210518
0.7058415412902832,0.06092041867464396,0.06092041867464396,0.05348280258476734,0.12114930897951126,0.2545059190094484,0.18645861953496937,0.043937592439883405,0.043937592439883405,-1.3819171852116778,-1.2717858430856432,-1.9899255408721896,-0.9166790586811172,-0.7294175360323272,0.46990085931741854,Unpruned baseline,261632,1.0,261632,pre,80,0,baseline_multidlydmintseq_tanh_h512_12k_lr0006_seqbest_no_l2_seed2,8.810637045361315e-05,0.07511192766914382,multidlydmintseq_tanh_h512_12k_lr0006_seqbest_no_l2_seed2,2,none,multidlydmintseq,0
0.7058415412902832,0.0610294314820391,0.32402395019093416,0.3593595027923584,0.40980368554592134,0.45119365134835243,0.434514718055725,0.13297675667804285,0.09309658798013361,-0.5174629092729504,-0.4444708663104715,-0.7770874593679176,-0.3874241401157251,-0.36199550842955946,0.17768020582720914,L-NP rescale,49278,0.18834852005870842,261632,post,80,0,taskpres_multidlydmintseq_netseed2_vnp_rescale_p80_pruneseed0,0.0002719335083127771,0.14631245803348183,multidlydmintseq_tanh_h512_12k_lr0006_seqbest_no_l2_seed2,2,noise_prune,multidlydmintseq,212354
0.7058415412902832,0.06098052880938427,0.32398127146830796,0.35933417081832886,0.40972332954406737,0.45048769199848177,0.4347830390930176,0.13293609235174594,0.09317535472909898,-0.5176622023185797,-0.4445014816759322,-0.7774038046771128,-0.3875093067234734,-0.3617274061144157,0.17829225880079552,L-NP rescale,49245,0.18822238869863014,261632,post,80,1,taskpres_multidlydmintseq_netseed2_vnp_rescale_p80_pruneseed1,-0.00029354646738643446,0.14625506272979255,multidlydmintseq_tanh_h512_12k_lr0006_seqbest_no_l2_seed2,2,noise_prune,multidlydmintseq,212387
0.7058415412902832,0.060927056249583306,0.32442184961210907,0.3592820465564728,0.4101840555667877,0.44882175475358965,0.4349632608890531,0.13295133795384687,0.092936914407396,-0.5167920550836511,-0.4445644840930493,-0.7754573169299736,-0.3870212252790701,-0.36154742510479354,0.17731302576323715,L-NP rescale,49135,0.18780195083170254,261632,post,80,2,taskpres_multidlydmintseq_netseed2_vnp_rescale_p80_pruneseed2,0.0001627264098612156,0.1462468391695131,multidlydmintseq_tanh_h512_12k_lr0006_seqbest_no_l2_seed2,2,noise_prune,multidlydmintseq,212497
0.4800749719142914,0.06265671646188072,0.3155777546173868,0.32279761135578156,0.3974330872297287,0.45288913607597353,0.43400224596261977,0.12932887492325196,0.06652786016185598,-0.5119635786296204,-0.4910696876391713,-0.6569678406854873,-0.4007359796990537,-0.3625080230096339,0.10208554498263092,S-NP rescale,51946,0.19854604941291584,261632,post,80,0,taskpres_rescale_completion_ctxdlydm1intseq_netseed0_snp_rescale_p80_pruneseed0,0.000630452672446533,0.1437060351416268,ctxdlydm1intseq_tanh_h512_12k_lr0006_seqbest_no_l2_seed0,0,simulation_noise_prune_rescale,ctxdlydm1intseq,209686
0.4799298048019409,0.06238668446906126,0.3154626511085877,0.3227178752422333,0.3966526985168457,0.44942247569561006,0.43307068943977356,0.12905641017900155,0.06621161738822727,-0.5120267113065662,-0.49117697849425973,-0.6564262461513073,-0.401589586765453,-0.3634412086629687,0.101644533143688,S-NP rescale,51741,0.1977625061154599,261632,post,80,1,taskpres_rescale_completion_ctxdlydm1intseq_netseed0_snp_rescale_p80_pruneseed1,0.00042599606452557146,0.1433439009329867,ctxdlydm1intseq_tanh_h512_12k_lr0006_seqbest_no_l2_seed0,0,simulation_noise_prune_rescale,ctxdlydm1intseq,209891
0.4799298048019409,0.0627400551658008,0.31543883533454004,0.3224327862262726,0.3968461900949478,0.44990354937315025,0.4327577540278435,0.12933545944629823,0.06626332785105907,-0.5120803977267596,-0.49156080386094225,-0.6565994893865272,-0.40137778476953134,-0.36375514182036645,0.10175556572446524,S-NP rescale,52038,0.1988976883561644,261632,post,80,2,taskpres_rescale_completion_ctxdlydm1intseq_netseed0_snp_rescale_p80_pruneseed2,0.0001271430736976273,0.14374964148488023,ctxdlydm1intseq_tanh_h512_12k_lr0006_seqbest_no_l2_seed0,0,simulation_noise_prune_rescale,ctxdlydm1intseq,209594
0.545307457447052,0.06270985331485657,0.3156448631653659,0.31682053208351135,0.40138111114501956,0.47560179746150966,0.4503123044967651,0.1292765144882767,0.06544412862879202,-0.5109124240972528,-0.49918668099155566,-0.6405360343623324,-0.39644306911595717,-0.3464861860636014,0.09611861038826752,S-NP rescale,51979,0.19867218077299412,261632,post,80,0,taskpres_rescale_completion_ctxdlydm1intseq_netseed1_snp_rescale_p80_pruneseed0,0.00023105232443281407,0.14368329588310474,ctxdlydm1intseq_tanh_h512_12k_lr0006_seqbest_no_l2_seed1,1,simulation_noise_prune_rescale,ctxdlydm1intseq,209653
0.5484153032302856,0.06274240369572594,0.315814778631732,0.31715409457683563,0.40174631774425507,0.4762988812923439,0.4503575006127356,0.12936671661808072,0.0656934213507608,-0.5107402867377482,-0.4987296773280479,-0.6413131101715247,-0.39604809512862427,-0.34644260002875893,0.09639641323597191,S-NP rescale,51978,0.1986683586105675,261632,post,80,1,taskpres_rescale_completion_ctxdlydm1intseq_netseed1_snp_rescale_p80_pruneseed1,-0.0005086496688615542,0.1437779463811283,ctxdlydm1intseq_tanh_h512_12k_lr0006_seqbest_no_l2_seed1,1,simulation_noise_prune_rescale,ctxdlydm1intseq,209654
0.545307457447052,0.06342921856504982,0.3166462499114869,0.31844767928123474,0.4024440169334413,0.48103985929489035,0.45086069703102105,0.1301005563404385,0.06570515044633891,-0.5095583216891829,-0.4969619117305143,-0.6402384418429691,-0.39529452492140066,-0.3459576219222151,0.0962166678878856,S-NP rescale,52409,0.20031571061643835,261632,post,80,2,taskpres_rescale_completion_ctxdlydm1intseq_netseed1_snp_rescale_p80_pruneseed2,-0.0003396988145078928,0.1447387478617246,ctxdlydm1intseq_tanh_h512_12k_lr0006_seqbest_no_l2_seed1,1,simulation_noise_prune_rescale,ctxdlydm1intseq,209223
0.5267032384872437,0.06209317001347488,0.31091386302588386,0.31531763076782227,0.38565587997436523,0.4388158470392227,0.41924428939819336,0.1270664118604061,0.05902590546410062,-0.5159035511954526,-0.501251745296794,-0.6403105282114359,-0.41380004269909026,-0.3775328475423193,0.08837884145624494,S-NP rescale,52251,0.19971180895303328,261632,post,80,0,taskpres_rescale_completion_ctxdlydm1intseq_netseed2_snp_rescale_p80_pruneseed0,5.0939682903225716e-05,0.14142641970491,ctxdlydm1intseq_tanh_h512_12k_lr0006_seqbest_no_l2_seed2,2,simulation_noise_prune_rescale,ctxdlydm1intseq,209381
0.5267032384872437,0.06235766343700876,0.31146332067641846,0.31630396842956543,0.3859851062297821,0.43765712559223224,0.41811511516571037,0.12739124313622602,0.05891340145653755,-0.5150840957931231,-0.4998953592817147,-0.6397360240197894,-0.4134294528593657,-0.37870413218726695,0.08812700926631051,S-NP rescale,52381,0.20020869006849315,261632,post,80,1,taskpres_rescale_completion_ctxdlydm1intseq_netseed2_snp_rescale_p80_pruneseed1,-0.00013018166350197127,0.14183437548722388,ctxdlydm1intseq_tanh_h512_12k_lr0006_seqbest_no_l2_seed2,2,simulation_noise_prune_rescale,ctxdlydm1intseq,209251
0.5267032384872437,0.062280330879587786,0.3116363059400675,0.31615886092185974,0.38614861369132997,0.4378025179505348,0.4199282878637314,0.12736489419392868,0.058837274186518754,-0.5147839378181234,-0.5000946417946481,-0.6387342863641037,-0.41324551998132303,-0.3768248687551328,0.08774473680777653,S-NP rescale,52287,0.1998494068003914,261632,post,80,2,taskpres_rescale_completion_ctxdlydm1intseq_netseed2_snp_rescale_p80_pruneseed2,-2.17473554154293e-05,0.1417767802376472,ctxdlydm1intseq_tanh_h512_12k_lr0006_seqbest_no_l2_seed2,2,simulation_noise_prune_rescale,ctxdlydm1intseq,209345
0.5730553269386292,0.06279782527440192,0.3153959384599144,0.31780919432640076,0.4032268822193146,0.48087666380405486,0.4523069405555725,0.1295777915813221,0.06826231824226418,-0.5123624804948118,-0.4978335426621193,-0.651267436103837,-0.39445052217181975,-0.3445667480643592,0.10176961783094578,S-NP rescale,52093,0.19910790728962818,261632,post,80,0,taskpres_rescale_completion_ctxdlydm2intseq_netseed0_snp_rescale_p80_pruneseed0,0.00036153629765168756,0.14399250057482973,ctxdlydm2intseq_tanh_h512_12k_lr0006_seqbest_no_l2_seed0,0,simulation_noise_prune_rescale,ctxdlydm2intseq,209539
0.5719407200813293,0.06292545269957062,0.3153468316642224,0.3180735409259796,0.4031680881977081,0.48439647901058197,0.4524268782138825,0.12964623254603896,0.06806358264202436,-0.5123700108146716,-0.4974724563493264,-0.6507727041760808,-0.39451385074162415,-0.34445160203800024,0.10150691204245813,S-NP rescale,52207,0.19954363380626222,261632,post,80,1,taskpres_rescale_completion_ctxdlydm2intseq_netseed0_snp_rescale_p80_pruneseed1,0.000485534171024547,0.1441094114462906,ctxdlydm2intseq_tanh_h512_12k_lr0006_seqbest_no_l2_seed0,0,simulation_noise_prune_rescale,ctxdlydm2intseq,209425
0.5710051655769348,0.06299136963081975,0.3151821228030873,0.3181385397911072,0.40299530029296876,0.48241496276855456,0.4518504321575166,0.12967333938716538,0.06819086114042155,-0.5126617937393075,-0.49738371660543074,-0.6516568864095624,-0.39470001854839737,-0.34500529811715164,0.10181707261810466,S-NP rescale,52289,0.19985705112524463,261632,post,80,2,taskpres_rescale_completion_ctxdlydm2intseq_netseed0_snp_rescale_p80_pruneseed2,0.0002901798947199399,0.14416311383781302,ctxdlydm2intseq_tanh_h512_12k_lr0006_seqbest_no_l2_seed0,0,simulation_noise_prune_rescale,ctxdlydm2intseq,209343
0.5670724511146545,0.06331987528462116,0.31632975521693313,0.3167610466480255,0.4045883119106293,0.4834393069148061,0.45297070145606994,0.13004515408617362,0.06672439988048216,-0.5103351037195365,-0.49926823069984344,-0.6412218680602856,-0.39298666765033013,-0.34392988762837506,0.09790420323001228,S-NP rescale,52371,0.200170468444227,261632,post,80,0,taskpres_rescale_completion_ctxdlydm2intseq_netseed1_snp_rescale_p80_pruneseed0,-1.494883782450846e-05,0.14464144801504467,ctxdlydm2intseq_tanh_h512_12k_lr0006_seqbest_no_l2_seed1,1,simulation_noise_prune_rescale,ctxdlydm2intseq,209261
0.5676875114440918,0.06293409415380619,0.31626854369114943,0.31687745451927185,0.4048806339502335,0.485620482116937,0.454743577837944,0.12977265960203166,0.0671612775038158,-0.510562176233443,-0.49910865932854553,-0.6419655230918959,-0.392672995709516,-0.3422334256474245,0.09858440994327416,S-NP rescale,52062,0.19898942025440314,261632,post,80,1,taskpres_rescale_completion_ctxdlydm2intseq_netseed1_snp_rescale_p80_pruneseed1,5.97328418517693e-05,0.14422773595648142,ctxdlydm2intseq_tanh_h512_12k_lr0006_seqbest_no_l2_seed1,1,simulation_noise_prune_rescale,ctxdlydm2intseq,209570
0.5612791180610657,0.0632203527202364,0.3166791239474812,0.31736505031585693,0.40471673011779785,0.48131771683692914,0.4547677934169767,0.13008466557459306,0.06707861012290849,-0.5099546997550742,-0.4984409014333987,-0.6414860566544905,-0.3928488424390167,-0.34221030073717223,0.0983911142440334,S-NP rescale,52231,0.19963536570450097,261632,post,80,2,taskpres_rescale_completion_ctxdlydm2intseq_netseed1_snp_rescale_p80_pruneseed2,-0.00011140438320239141,0.14463340141470854,ctxdlydm2intseq_tanh_h512_12k_lr0006_seqbest_no_l2_seed1,1,simulation_noise_prune_rescale,ctxdlydm2intseq,209401
0.5676171779632568,0.06067015250305027,0.3034922821245468,0.3064862936735153,0.38381554186344147,0.4493211669921875,0.42580351471900935,0.12452513923438834,0.062242106557125816,-0.5278317435047978,-0.5135889427315106,-0.659450705596164,-0.4158774433346741,-0.3707907580804115,0.09565709658009697,S-NP rescale,52302,0.19990673923679061,261632,post,80,0,taskpres_rescale_completion_ctxdlydm2intseq_netseed2_snp_rescale_p80_pruneseed0,-4.513081210554229e-06,0.13851851026386072,ctxdlydm2intseq_tanh_h512_12k_lr0006_seqbest_no_l2_seed2,2,simulation_noise_prune_rescale,ctxdlydm2intseq,209330
0.5676171779632568,0.060587589823893305,0.3037005901102568,0.3063667118549347,0.3839982807636261,0.4515273308157918,0.4257247740030288,0.12450226748795847,0.062174163015715427,-0.5274850686272939,-0.5137584245586506,-0.6590572406535881,-0.415670720052174,-0.3708710764282487,0.09538554456855834,S-NP rescale,52195,0.19949776785714285,261632,post,80,1,taskpres_rescale_completion_ctxdlydm2intseq_netseed2_snp_rescale_p80_pruneseed1,9.84448718122132e-05,0.13846176713778688,ctxdlydm2intseq_tanh_h512_12k_lr0006_seqbest_no_l2_seed2,2,simulation_noise_prune_rescale,ctxdlydm2intseq,209437
0.5676171779632568,0.06082690506438823,0.3035393546664255,0.3060455918312073,0.3842897474765778,0.45013695657253266,0.42591468811035155,0.12463926375252765,0.06204793178436081,-0.5276482650427672,-0.5142138715386523,-0.6585852721997277,-0.4153412019891852,-0.3706773825723311,0.09495279738720827,S-NP rescale,52429,0.20039215386497064,261632,post,80,2,taskpres_rescale_completion_ctxdlydm2intseq_netseed2_snp_rescale_p80_pruneseed2,0.00023582146342191298,0.13868959166686462,ctxdlydm2intseq_tanh_h512_12k_lr0006_seqbest_no_l2_seed2,2,simulation_noise_prune_rescale,ctxdlydm2intseq,209203
0.5263531804084778,0.06255523959547121,0.31321555596506084,0.31307294964790344,0.3997295498847962,0.47560747992992397,0.4498450756072998,0.1285571567604782,0.06511589465074367,-0.5141270322908622,-0.5043544549833918,-0.6440501746126167,-0.39823374559148034,-0.34693702932124165,0.09489260060718521,S-NP rescale,52253,0.1997194532778865,261632,post,80,0,taskpres_rescale_completion_dlydm1intseq_netseed0_snp_rescale_p80_pruneseed0,0.0002992294902524614,0.14296856653438594,dlydm1intseq_tanh_h512_12k_lr0006_seqbest_no_l2_seed0,0,simulation_noise_prune_rescale,dlydm1intseq,209379
0.5528141260147095,0.0623295837987377,0.3133871486745972,0.3135599195957184,0.39978912472724915,0.47348418831825256,0.44972222894430164,0.12839595936982237,0.06487993176128738,-0.5138067209483236,-0.5036794555887123,-0.6434339419640523,-0.39816902396285503,-0.3470556455281994,0.09449702800900166,S-NP rescale,52036,0.19889004403131116,261632,post,80,1,taskpres_rescale_completion_dlydm1intseq_netseed0_snp_rescale_p80_pruneseed1,0.0004612540159205434,0.14272451311443926,dlydm1intseq_tanh_h512_12k_lr0006_seqbest_no_l2_seed0,0,simulation_noise_prune_rescale,dlydm1intseq,209596
0.5182932615280151,0.06258091234027134,0.31282325673308886,0.31249094009399414,0.39968621432781215,0.47583067572116855,0.448547368645668,0.12844198261507386,0.06468118766242718,-0.5145533644361039,-0.5051625694431767,-0.6446714862481011,-0.39828083087343547,-0.3481916867881377,0.0943037201478796,S-NP rescale,52340,0.20005198140900196,261632,post,80,2,taskpres_rescale_completion_dlydm1intseq_netseed0_snp_rescale_p80_pruneseed2,-0.00011670271563138666,0.14287651965213818,dlydm1intseq_tanh_h512_12k_lr0006_seqbest_no_l2_seed0,0,simulation_noise_prune_rescale,dlydm1intseq,209292
0.5031194090843201,0.06271990573854065,0.3178171362369435,0.32474392652511597,0.41243405640125275,0.4724393877685068,0.45316969275474556,0.13080775977582135,0.07503124599526273,-0.5118775887494607,-0.48845896253269805,-0.675274124647153,-0.3846454804007428,-0.3437391428867754,0.11556292117374653,S-NP rescale,51632,0.1973458904109589,261632,post,80,0,taskpres_rescale_completion_dlydm1intseq_netseed1_snp_rescale_p80_pruneseed0,0.00014710766976378463,0.14506700159841285,dlydm1intseq_tanh_h512_12k_lr0006_seqbest_no_l2_seed1,1,simulation_noise_prune_rescale,dlydm1intseq,210000
0.4885677695274353,0.06290598917085452,0.3179165090836023,0.3242717385292053,0.41139073967933654,0.4745822987556426,0.45405212640762327,0.13094586402184835,0.07473383792190087,-0.5116247420494296,-0.48909090003394806,-0.6740701025988852,-0.3857454884104565,-0.3428942861064194,0.11509489157315951,S-NP rescale,51769,0.1978695266634051,261632,post,80,1,taskpres_rescale_completion_dlydm1intseq_netseed1_snp_rescale_p80_pruneseed1,-6.878400998784196e-07,0.14527209910206065,dlydm1intseq_tanh_h512_12k_lr0006_seqbest_no_l2_seed1,1,simulation_noise_prune_rescale,dlydm1intseq,209863
0.4935787618160248,0.06325557564488665,0.3185817118488293,0.32534386217594147,0.41214227676391607,0.47454757213592524,0.4538357987999916,0.13138336530898626,0.07479566028834417,-0.5107009684157718,-0.48765738210306286,-0.6733277691202796,-0.3849528341462159,-0.34310124980343576,0.11507162083817214,S-NP rescale,51948,0.19855369373776907,261632,post,80,2,taskpres_rescale_completion_dlydm1intseq_netseed1_snp_rescale_p80_pruneseed2,-0.00013043017268095188,0.14581782990447553,dlydm1intseq_tanh_h512_12k_lr0006_seqbest_no_l2_seed1,1,simulation_noise_prune_rescale,dlydm1intseq,209684
0.506973922252655,0.06337639242496661,0.3173574548868639,0.32324519753456116,0.399449548125267,0.46262073239684104,0.4420812264084816,0.13026753152349235,0.06612626533855644,-0.5091611262251902,-0.490467918728731,-0.6528579761180836,-0.3985380657980315,-0.35449792780309625,0.10018930065108266,S-NP rescale,52248,0.1997003424657534,261632,post,80,0,taskpres_rescale_completion_dlydm1intseq_netseed2_snp_rescale_p80_pruneseed0,0.00012658677314368938,0.14486607905861296,dlydm1intseq_tanh_h512_12k_lr0006_seqbest_no_l2_seed2,2,simulation_noise_prune_rescale,dlydm1intseq,209384
0.5249929428100586,0.06317220478601811,0.31747733927344385,0.3236115276813507,0.3999728292226791,0.46577189999818797,0.4420594504475593,0.130175439756351,0.0665257624044221,-0.509147621825114,-0.48997601635854665,-0.6534220278216508,-0.397969509970712,-0.3545193206078267,0.100970588318509,S-NP rescale,52060,0.1989817759295499,261632,post,80,1,taskpres_rescale_completion_dlydm1intseq_netseed2_snp_rescale_p80_pruneseed1,8.870326695642972e-05,0.14469403824973723,dlydm1intseq_tanh_h512_12k_lr0006_seqbest_no_l2_seed2,2,simulation_noise_prune_rescale,dlydm1intseq,209572
0.5272998809814453,0.0632676612912418,0.31751184008114197,0.32349854707717896,0.39926249980926515,0.46546895384788517,0.44219232439994816,0.13021576787793995,0.06610377186212177,-0.5089344364195145,-0.4901276655293791,-0.6527191428862664,-0.3987414784279998,-0.35438880052070776,0.10011872648389128,S-NP rescale,52133,0.19926079378669276,261632,post,80,2,taskpres_rescale_completion_dlydm1intseq_netseed2_snp_rescale_p80_pruneseed2,-0.00010165815639064453,0.144772002938842,dlydm1intseq_tanh_h512_12k_lr0006_seqbest_no_l2_seed2,2,simulation_noise_prune_rescale,dlydm1intseq,209499
0.48794394731521606,0.06266880482454591,0.31403058193242156,0.31491273641586304,0.3963369220495224,0.46758787375688554,0.44467396914958957,0.12861591515968523,0.06289838452386108,-0.512406340085663,-0.5018097742847923,-0.636617182180621,-0.40193546767240423,-0.35195829305070264,0.0923790322456668,S-NP rescale,52212,0.1995627446183953,261632,post,80,0,taskpres_rescale_completion_dlydm2intseq_netseed0_snp_rescale_p80_pruneseed0,-3.0719989285587445e-05,0.14307142197791506,dlydm2intseq_tanh_h512_12k_lr0006_seqbest_no_l2_seed0,0,simulation_noise_prune_rescale,dlydm2intseq,209420
0.48515668511390686,0.0625635039098841,0.31380343267035,0.3143826127052307,0.3950137257575989,0.46631233516335485,0.4438641095161438,0.12842393803587848,0.06231764750816527,-0.5125545640420313,-0.5025414811281271,-0.6358051530362152,-0.40338781346330976,-0.3527499702478662,0.09153877057095597,S-NP rescale,52162,0.19937163649706457,261632,post,80,1,taskpres_rescale_completion_dlydm2intseq_netseed0_snp_rescale_p80_pruneseed1,6.622379810759823e-05,0.1428527055975273,dlydm2intseq_tanh_h512_12k_lr0006_seqbest_no_l2_seed0,0,simulation_noise_prune_rescale,dlydm2intseq,209470
0.490396648645401,0.06252181030822523,0.3139915977150181,0.31495219469070435,0.3960583060979843,0.46802110910415634,0.44518544226884843,0.12847022234040661,0.06267819682486658,-0.512386765528549,-0.5017553610329588,-0.6359737084753361,-0.4022408743272076,-0.3514590457056774,0.09199496625867114,S-NP rescale,52096,0.19911937377690803,261632,post,80,2,taskpres_rescale_completion_dlydm2intseq_netseed0_snp_rescale_p80_pruneseed2,-0.00014821170936197355,0.14287600507328171,dlydm2intseq_tanh_h512_12k_lr0006_seqbest_no_l2_seed0,0,simulation_noise_prune_rescale,dlydm2intseq,209536
0.5450218319892883,0.06265765916074967,0.31495799499597027,0.3202306926250458,0.37898890376091005,0.42760511040687504,0.40988332152366624,0.1278834299635138,0.052370371400037474,-0.5083592568306521,-0.4945370453121589,-0.6162549032227171,-0.42137350535144413,-0.3873397535066603,0.07792512338632174,S-NP rescale,52049,0.19893973214285715,261632,post,80,0,taskpres_rescale_completion_dlydm2intseq_netseed1_snp_rescale_p80_pruneseed0,0.00017936945531322253,0.14240829237560612,dlydm2intseq_tanh_h512_12k_lr0006_seqbest_no_l2_seed1,1,simulation_noise_prune_rescale,dlydm2intseq,209583
0.5450218319892883,0.0627801083150769,0.3153009041096902,0.3207566738128662,0.37892429530620575,0.4263437955081462,0.408868827521801,0.1280239106910176,0.05192464366771714,-0.5077616990581678,-0.4938242987289108,-0.6148007222922202,-0.42144754838413584,-0.3884159992725491,0.07718443089584044,S-NP rescale,52094,0.1991117294520548,261632,post,80,1,taskpres_rescale_completion_dlydm2intseq_netseed1_snp_rescale_p80_pruneseed1,0.0001900553685196524,0.1425883150459088,dlydm2intseq_tanh_h512_12k_lr0006_seqbest_no_l2_seed1,1,simulation_noise_prune_rescale,dlydm2intseq,209538
0.5450218319892883,0.06300313122777944,0.31498194659837936,0.32008664309978485,0.3788425326347351,0.4266366308927541,0.4096739280223847,0.1281265884966379,0.052005308375345435,-0.5082230746823977,-0.4947324481591939,-0.6157644601273077,-0.4215412687163981,-0.3875616744220979,0.0772795386464565,S-NP rescale,52332,0.20002140410958905,261632,post,80,2,taskpres_rescale_completion_dlydm2intseq_netseed1_snp_rescale_p80_pruneseed2,5.475035262017997e-05,0.14277889979506944,dlydm2intseq_tanh_h512_12k_lr0006_seqbest_no_l2_seed1,1,simulation_noise_prune_rescale,dlydm2intseq,209300
0.5903859734535217,0.06298964361445691,0.3151674591343965,0.31367580592632294,0.39544483125209806,0.4674751591682435,0.44366036206483844,0.12882633784559008,0.059671181366938636,-0.5096393600037581,-0.5035189775083933,-0.6228870294296236,-0.40291409664580985,-0.3529493714064852,0.08571295481680796,S-NP rescale,52290,0.19986087328767124,261632,post,80,0,taskpres_rescale_completion_dlydm2intseq_netseed2_snp_rescale_p80_pruneseed0,4.7977674503468065e-05,0.14340124903056164,dlydm2intseq_tanh_h512_12k_lr0006_seqbest_no_l2_seed2,2,simulation_noise_prune_rescale,dlydm2intseq,209342
0.5903859734535217,0.06326702162774905,0.3157160617694642,0.3146040141582489,0.3958300113677979,0.4669223664999008,0.4437783980369568,0.12918169671695365,0.05978337168475539,-0.5088953925342179,-0.5022357403406562,-0.6231211423135963,-0.4024912812251603,-0.3528338419075486,0.0857939928599535,S-NP rescale,52429,0.20039215386497064,261632,post,80,1,taskpres_rescale_completion_dlydm2intseq_netseed2_snp_rescale_p80_pruneseed1,8.864598475176104e-05,0.14384234054758163,dlydm2intseq_tanh_h512_12k_lr0006_seqbest_no_l2_seed2,2,simulation_noise_prune_rescale,dlydm2intseq,209203
0.5903859734535217,0.06329372644341512,0.3158493245502219,0.3141326904296875,0.39626592397689825,0.46719758892059327,0.4445257329940796,0.12920686465169556,0.05949121875679486,-0.5085658426791798,-0.502886866102373,-0.6217635453462063,-0.4020132722778716,-0.3521030932584801,0.08482515847470513,S-NP rescale,52429,0.20039215386497064,261632,post,80,2,taskpres_rescale_completion_dlydm2intseq_netseed2_snp_rescale_p80_pruneseed2,-6.692444380744563e-05,0.14387670138467262,dlydm2intseq_tanh_h512_12k_lr0006_seqbest_no_l2_seed2,2,simulation_noise_prune_rescale,dlydm2intseq,209203
0.5012894868850708,0.0639728795071342,0.31923844458621253,0.3244876265525818,0.3571860134601594,0.4106414421796799,0.37954060435295106,0.1286845294365549,0.033851550871892205,-0.4985167004255069,-0.48880185917914537,-0.5609959093157144,-0.44710555542688923,-0.4207417553320467,0.04882145327957211,S-NP rescale,52429,0.20039215386497064,261632,post,80,0,taskpres_rescale_completion_dm1seqr_netseed0_snp_rescale_p80_pruneseed0,9.869895645357129e-05,0.1437088295382642,dm1seqr_tanh_h512_12k_lr0006_seqbest_no_l2_seed0,0,simulation_noise_prune_rescale,dm1seqr,209203
0.5012894868850708,0.06350718545415321,0.3190872627273969,0.3246445059776306,0.3571536004543304,0.41082260325550984,0.3795677748322487,0.12831680569632556,0.03429100670203741,-0.49881576808815475,-0.488591942380328,-0.5613694349477093,-0.44714496740832216,-0.4207106661535737,0.04979865661206975,S-NP rescale,52072,0.19902764187866928,261632,post,80,1,taskpres_rescale_completion_dm1seqr_netseed0_snp_rescale_p80_pruneseed1,-2.331936692294105e-05,0.14317249974986088,dm1seqr_tanh_h512_12k_lr0006_seqbest_no_l2_seed0,0,simulation_noise_prune_rescale,dm1seqr,209560
0.5012894868850708,0.06390857830331087,0.31891756773258745,0.3240099251270294,0.3572074830532074,0.4113973449468613,0.3794445586204529,0.12857635731329037,0.034216849653653174,-0.49903189313438745,-0.4894416862073338,-0.5612002061959641,-0.44707945175849073,-0.42085167107517907,0.049632335089599314,S-NP rescale,52429,0.20039215386497064,261632,post,80,2,taskpres_rescale_completion_dm1seqr_netseed0_snp_rescale_p80_pruneseed2,-0.00016387583701114977,0.1435832830987486,dm1seqr_tanh_h512_12k_lr0006_seqbest_no_l2_seed0,0,simulation_noise_prune_rescale,dm1seqr,209203
0.4462219774723053,0.06002161471633816,0.2995207824193669,0.29867610335350037,0.364395171403885,0.42767694461345673,0.40407492280006413,0.12183575302700471,0.048368713555848174,-0.5294064579375808,-0.5247995232842929,-0.6261483419081522,-0.4384273866074686,-0.39353810144629886,0.07188923792976397,S-NP rescale,52429,0.20039215386497064,261632,post,80,0,taskpres_rescale_completion_dm1seqr_netseed1_snp_rescale_p80_pruneseed0,-0.000229848480879998,0.1358178637679509,dm1seqr_tanh_h512_12k_lr0006_seqbest_no_l2_seed1,1,simulation_noise_prune_rescale,dm1seqr,209203
0.45095139741897583,0.05953553401037628,0.2987361353676141,0.29776957631111145,0.3644011318683624,0.4261033010482788,0.4031808793544769,0.12128934092626875,0.04857162154853395,-0.5306483858220281,-0.5261196770175938,-0.6269192747932635,-0.4384202827324625,-0.39450007232239687,0.07260981084642396,S-NP rescale,52141,0.19929137108610567,261632,post,80,1,taskpres_rescale_completion_dm1seqr_netseed1_snp_rescale_p80_pruneseed1,3.756769593812365e-05,0.13511322148811916,dm1seqr_tanh_h512_12k_lr0006_seqbest_no_l2_seed1,1,simulation_noise_prune_rescale,dm1seqr,209491
0.44882914423942566,0.059736418670955534,0.29875860091601397,0.29740989208221436,0.3646114051342011,0.42803687644004845,0.40547897458076476,0.12147764524030306,0.04891889758139285,-0.5306992083064271,-0.5266445906046697,-0.6275479661196149,-0.43816975064537284,-0.3920316604703184,0.07311989276872075,S-NP rescale,52313,0.19994878302348337,261632,post,80,2,taskpres_rescale_completion_dm1seqr_netseed1_snp_rescale_p80_pruneseed2,-0.00026418322582461246,0.135370558896622,dm1seqr_tanh_h512_12k_lr0006_seqbest_no_l2_seed1,1,simulation_noise_prune_rescale,dm1seqr,209319
0.4515940546989441,0.06227985095144332,0.31078986751851106,0.3145381212234497,0.35809507966041565,0.4098975740671158,0.3823661518096924,0.12562847315701756,0.03903517219539798,-0.511179746591049,-0.50232671163784,-0.5876619437238262,-0.4460016462905578,-0.4175205597359787,0.05728965843230202,S-NP rescale,52429,0.20039215386497064,261632,post,80,0,taskpres_rescale_completion_dm1seqr_netseed2_snp_rescale_p80_pruneseed0,0.0002980725829482239,0.14021841624776957,dm1seqr_tanh_h512_12k_lr0006_seqbest_no_l2_seed2,2,simulation_noise_prune_rescale,dm1seqr,209203
0.4515940546989441,0.06193839159961371,0.3107871825206193,0.31459248065948486,0.3587937831878662,0.4114984507262701,0.38281094253063197,0.1254148809390674,0.03979413353697572,-0.5113516224261431,-0.5022516620422117,-0.5890076416700557,-0.4451550905762847,-0.4170156566215145,0.05871425707612529,S-NP rescale,52142,0.1992951932485323,261632,post,80,1,taskpres_rescale_completion_dm1seqr_netseed2_snp_rescale_p80_pruneseed1,-0.0002289660706243126,0.13987567440211343,dm1seqr_tanh_h512_12k_lr0006_seqbest_no_l2_seed2,2,simulation_noise_prune_rescale,dm1seqr,209490
0.4515940546989441,0.06222401510770551,0.3105941719099343,0.31437382102012634,0.35860872864723203,0.4121385464072233,0.3833889311552048,0.12558492558561038,0.039777463939715166,-0.511622894968129,-0.5025536263090662,-0.5886546041571101,-0.4453791437841338,-0.41636042987339533,0.058726994076239596,S-NP rescale,52415,0.20033864359099804,261632,post,80,2,taskpres_rescale_completion_dm1seqr_netseed2_snp_rescale_p80_pruneseed2,1.8801370867092433e-05,0.14015491870418148,dm1seqr_tanh_h512_12k_lr0006_seqbest_no_l2_seed2,2,simulation_noise_prune_rescale,dm1seqr,209217
0.6276222467422485,0.06410470560893376,0.3206424061383096,0.33088207244873047,0.35959736704826356,0.41737058019638507,0.37903245985508005,0.12936634966310218,0.03811078278334364,-0.49739161920734437,-0.48032676275102376,-0.569903352240986,-0.4441834968075877,-0.4213235986382728,0.056074027963011405,S-NP rescale,52307,0.1999258500489237,261632,post,80,0,taskpres_rescale_completion_dm2seql_netseed0_snp_rescale_p80_pruneseed0,0.00022420894724559294,0.14437802961916354,dm2seql_tanh_h512_12k_lr0006_seqbest_no_l2_seed0,0,simulation_noise_prune_rescale,dm2seql,209325
0.6276222467422485,0.06385188501129116,0.3205052736656395,0.3304581046104431,0.3593675494194031,0.41673641240596754,0.378644500374794,0.12912709534117303,0.03788932350849084,-0.497538720745394,-0.4808835924259282,-0.5687538239090831,-0.4444611418746978,-0.42176834671785934,0.05574891707964295,S-NP rescale,52123,0.19922257216242661,261632,post,80,1,taskpres_rescale_completion_dm2seql_netseed0_snp_rescale_p80_pruneseed1,0.00017619217766919073,0.1440515148377832,dm2seql_tanh_h512_12k_lr0006_seqbest_no_l2_seed0,0,simulation_noise_prune_rescale,dm2seql,209509
0.6276222467422485,0.06433175564266298,0.32102931378247157,0.3311710059642792,0.3597179651260376,0.4156191477775574,0.37861093997955325,0.12960622280112657,0.03764390372512002,-0.4967548485900205,-0.4799476927232639,-0.569116448180805,-0.44403787199947764,-0.4218068413248796,0.05502796091803594,S-NP rescale,52429,0.20039215386497064,261632,post,80,2,taskpres_rescale_completion_dm2seql_netseed0_snp_rescale_p80_pruneseed2,-1.2184256141451269e-05,0.14469397922645733,dm2seql_tanh_h512_12k_lr0006_seqbest_no_l2_seed0,0,simulation_noise_prune_rescale,dm2seql,209203
0.5323428511619568,0.06346883456120878,0.3170375952024395,0.3228021264076233,0.3566719233989716,0.4134990634918221,0.37858685016632077,0.127866182931076,0.03576308559466115,-0.5019062173432156,-0.491063613094777,-0.5677345116578867,-0.4477310762319957,-0.421834475031685,0.05247399770629396,S-NP rescale,52377,0.2001934014187867,261632,post,80,0,taskpres_rescale_completion_dm2seql_netseed1_snp_rescale_p80_pruneseed0,0.00014460509454552632,0.14275164723143516,dm2seql_tanh_h512_12k_lr0006_seqbest_no_l2_seed1,1,simulation_noise_prune_rescale,dm2seql,209255
0.5323428511619568,0.06330657178719908,0.31668052827479765,0.322580486536026,0.3562774360179901,0.4138054783940318,0.3771678337454796,0.12765744204816076,0.03579842602023829,-0.5024120246187195,-0.49136190739715213,-0.5689693549123918,-0.44821168178364995,-0.42346535257980916,0.05263072245768526,S-NP rescale,52302,0.19990673923679061,261632,post,80,1,taskpres_rescale_completion_dm2seql_netseed1_snp_rescale_p80_pruneseed1,-5.072253475324734e-05,0.14249260320785703,dm2seql_tanh_h512_12k_lr0006_seqbest_no_l2_seed1,1,simulation_noise_prune_rescale,dm2seql,209330
0.5323428511619568,0.06354539368792352,0.3171051982940511,0.32297489047050476,0.3566310524940491,0.4120058003664018,0.3776357626914978,0.1279205512257005,0.03539904051380398,-0.5017296557867584,-0.4908312403747525,-0.568507440610087,-0.4477808447370787,-0.42292688407395557,0.05161842847732387,S-NP rescale,52429,0.20039215386497064,261632,post,80,2,taskpres_rescale_completion_dm2seql_netseed1_snp_rescale_p80_pruneseed2,6.898019623208186e-05,0.14283444866898454,dm2seql_tanh_h512_12k_lr0006_seqbest_no_l2_seed1,1,simulation_noise_prune_rescale,dm2seql,209203
0.5082520842552185,0.06032146630600713,0.30105155890683966,0.3026239275932312,0.37319358587265017,0.43782224059104935,0.4143575209379196,0.12304681484086175,0.055596098707445446,-0.5292594742318221,-0.519096736554481,-0.6451191529609763,-0.4280658291468487,-0.3826247740239503,0.08450145012682428,S-NP rescale,52423,0.20036922089041095,261632,post,80,0,taskpres_rescale_completion_dm2seql_netseed2_snp_rescale_p80_pruneseed0,-0.0001342196096442895,0.13703714797413313,dm2seql_tanh_h512_12k_lr0006_seqbest_no_l2_seed2,2,simulation_noise_prune_rescale,dm2seql,209209
0.5082520842552185,0.05996406888097175,0.3012967019294488,0.30328288674354553,0.3737389236688614,0.4383323549032208,0.41427508592605583,0.12284675091914816,0.055816249079237226,-0.5289746239649501,-0.518152094808805,-0.6455222376576761,-0.4274316694655731,-0.3827111840976599,0.08492136618353954,S-NP rescale,52070,0.19901999755381605,261632,post,80,1,taskpres_rescale_completion_dm2seql_netseed2_snp_rescale_p80_pruneseed1,-0.00014205369130123238,0.13670037889085,dm2seql_tanh_h512_12k_lr0006_seqbest_no_l2_seed2,2,simulation_noise_prune_rescale,dm2seql,209562
0.5082520842552185,0.06042712023444136,0.3015443422757894,0.30332037806510925,0.37298762798309326,0.43744730341434485,0.41409036159515383,0.12320291927878765,0.05512478107480574,-0.5283560428549127,-0.5180984113710598,-0.6440979492053871,-0.42830557352116455,-0.3829048780591782,0.08333584802743688,S-NP rescale,52429,0.20039215386497064,261632,post,80,2,taskpres_rescale_completion_dm2seql_netseed2_snp_rescale_p80_pruneseed2,-0.00018787401034168666,0.13722376208951328,dm2seql_tanh_h512_12k_lr0006_seqbest_no_l2_seed2,2,simulation_noise_prune_rescale,dm2seql,209203
0.3958001136779785,0.06184314817797079,0.3090173136764487,0.3114214390516281,0.3376507341861725,0.35824674487113956,0.3508007547259331,0.12407110540189938,0.023188531432166013,-0.5112769789037385,-0.5066514927914201,-0.5589135242443957,-0.4715323016181333,-0.45493948094779146,0.03334476085433819,S-NP rescale,52360,0.20012842465753425,261632,post,80,0,taskpres_rescale_completion_dmsintseq_netseed0_snp_rescale_p80_pruneseed0,0.0007418502975800193,0.1386277888099917,dmsintseq_tanh_h512_12k_lr0006_seqbest_no_l2_seed0,0,simulation_noise_prune_rescale,dmsintseq,209272
0.3958001136779785,0.06181404072172355,0.3091493720892699,0.311550498008728,0.33761292695999146,0.3581594507694245,0.35085298538208004,0.12407766943825568,0.023075861951311227,-0.5110779457468979,-0.5064715501955471,-0.5582100116793415,-0.4715809328997279,-0.4548748237466648,0.03316445675977506,S-NP rescale,52313,0.19994878302348337,261632,post,80,1,taskpres_rescale_completion_dmsintseq_netseed0_snp_rescale_p80_pruneseed1,0.00014789982562394424,0.138622587658785,dmsintseq_tanh_h512_12k_lr0006_seqbest_no_l2_seed0,0,simulation_noise_prune_rescale,dmsintseq,209319
0.3958001136779785,0.06201815387744861,0.3094839427657334,0.31174758076667786,0.33748906254768374,0.3586500570774078,0.3506967639923096,0.1242946518131536,0.022537735058671973,-0.510543764075281,-0.5061969080619584,-0.5567474174376869,-0.47174029736348433,-0.4550682415231521,0.032263373137862816,S-NP rescale,52429,0.20039215386497064,261632,post,80,2,taskpres_rescale_completion_dmsintseq_netseed0_snp_rescale_p80_pruneseed2,-3.3638733389027376e-05,0.13890792183369385,dmsintseq_tanh_h512_12k_lr0006_seqbest_no_l2_seed0,0,simulation_noise_prune_rescale,dmsintseq,209203
0.3611838221549988,0.05997317836424217,0.2994961463188984,0.30053526163101196,0.3308974504470825,0.34995592683553695,0.3433211982250214,0.1203388108093235,0.024117637608200772,-0.5250432126775738,-0.5221045651476016,-0.5744970539091983,-0.4803065790505702,-0.46429938041434726,0.03547712286934681,S-NP rescale,52391,0.2002469116927593,261632,post,80,0,taskpres_rescale_completion_dmsintseq_netseed1_snp_rescale_p80_pruneseed0,-2.1173324107434855e-05,0.13445523813448737,dmsintseq_tanh_h512_12k_lr0006_seqbest_no_l2_seed1,1,simulation_noise_prune_rescale,dmsintseq,209241
0.3601221442222595,0.05974987412146985,0.29944983269765535,0.3001972436904907,0.3310530334711075,0.3499941310286522,0.34306108504533767,0.12015722219404841,0.024081840264131835,-0.5251059146210019,-0.5225932996199643,-0.5743088637145314,-0.4801024282823547,-0.46462854311721646,0.03541800004783864,S-NP rescale,52204,0.19953216731898238,261632,post,80,1,taskpres_rescale_completion_dmsintseq_netseed1_snp_rescale_p80_pruneseed1,7.247012533446129e-05,0.13419314532047583,dmsintseq_tanh_h512_12k_lr0006_seqbest_no_l2_seed1,1,simulation_noise_prune_rescale,dmsintseq,209428
0.35915765166282654,0.06007827441536123,0.2998035265185258,0.3006605803966522,0.3312337577342987,0.34935542750358584,0.3434264767169952,0.12048536392982886,0.023897644559555523,-0.5245652695667788,-0.5219235085088824,-0.5737671138210043,-0.4798654084532008,-0.4641662256589739,0.0350497958810339,S-NP rescale,52429,0.20039215386497064,261632,post,80,2,taskpres_rescale_completion_dmsintseq_netseed1_snp_rescale_p80_pruneseed2,0.000353465853792063,0.1346328230407465,dmsintseq_tanh_h512_12k_lr0006_seqbest_no_l2_seed1,1,simulation_noise_prune_rescale,dmsintseq,209203
0.49289706349372864,0.063918476623067,0.3191678539553834,0.3210476040840149,0.3426273316144943,0.3672582395374786,0.35484034568071365,0.12802438077219036,0.01936375061932394,-0.49679924516788926,-0.49343056679289476,-0.5341394360247493,-0.4651779960273032,-0.44996700634218395,0.02683292171628411,S-NP rescale,52396,0.20026602250489237,261632,post,80,0,taskpres_rescale_completion_dmsintseq_netseed2_snp_rescale_p80_pruneseed0,0.0006037142503994777,0.14309245002801585,dmsintseq_tanh_h512_12k_lr0006_seqbest_no_l2_seed2,2,simulation_noise_prune_rescale,dmsintseq,209236
0.49289706349372864,0.06377737243244481,0.31931036041574146,0.3214578926563263,0.34245688915252687,0.3652107760906216,0.35497648358345035,0.12794971529040694,0.01923606664087757,-0.4965942648389762,-0.492875906673342,-0.5338728091782025,-0.4653940927319879,-0.4498004172305918,0.026652833819119058,S-NP rescale,52257,0.19973474192759297,261632,post,80,1,taskpres_rescale_completion_dmsintseq_netseed2_snp_rescale_p80_pruneseed1,0.0005121985675357902,0.14296300406017767,dmsintseq_tanh_h512_12k_lr0006_seqbest_no_l2_seed2,2,simulation_noise_prune_rescale,dmsintseq,209375
0.49289706349372864,0.06404710319936603,0.31960883679369306,0.32147660851478577,0.3423474133014679,0.36642629826068884,0.3545188581943512,0.12821271405082574,0.018758109323870887,-0.49614407261033505,-0.4928506220011382,-0.5328502425178668,-0.46553294921386384,-0.4503606581082724,0.02587875547410793,S-NP rescale,52429,0.20039215386497064,261632,post,80,2,taskpres_rescale_completion_dmsintseq_netseed2_snp_rescale_p80_pruneseed2,9.081810471326579e-05,0.14331965400663269,dmsintseq_tanh_h512_12k_lr0006_seqbest_no_l2_seed2,2,simulation_noise_prune_rescale,dmsintseq,209203
0.5277814865112305,0.06042777909659482,0.3084124829425363,0.32208970189094543,0.3988602995872498,0.4610312926173211,0.43863726675510406,0.12729549445985422,0.07887612967986847,-0.5291878994370349,-0.49202316056819695,-0.7206912162495493,-0.39917918888002296,-0.3578944733877714,0.13589425674473116,S-NP rescale,51262,0.19593169031311156,261632,post,80,0,taskpres_rescale_completion_multidlydmintseq_netseed0_snp_rescale_p80_pruneseed0,-3.785920641104802e-05,0.14091010596478215,multidlydmintseq_tanh_h512_12k_lr0006_seqbest_no_l2_seed0,0,simulation_noise_prune_rescale,multidlydmintseq,210370
0.5486364364624023,0.06070743245084054,0.30929675508214505,0.3230992257595062,0.3988670825958252,0.4621201386153684,0.4388251006603241,0.1276640908493406,0.07841560496985771,-0.5276528794220722,-0.4906640826950711,-0.7175522788018974,-0.3991718033451607,-0.35770853887650655,0.13484657963425115,S-NP rescale,51352,0.19627568493150685,261632,post,80,1,taskpres_rescale_completion_multidlydmintseq_netseed0_snp_rescale_p80_pruneseed1,0.0005232242340463034,0.14136208361354524,multidlydmintseq_tanh_h512_12k_lr0006_seqbest_no_l2_seed0,0,simulation_noise_prune_rescale,multidlydmintseq,210280
0.5328798890113831,0.06072414123304605,0.30891266807474826,0.3229399770498276,0.3989420235157013,0.4591694210469726,0.43815527886152267,0.1276575861547291,0.0789551358707992,-0.5285292924138305,-0.49087818992422283,-0.7213854821580199,-0.3990902138287638,-0.3583719515936723,0.13619527922984537,S-NP rescale,51430,0.19657381360078277,261632,post,80,2,taskpres_rescale_completion_multidlydmintseq_netseed0_snp_rescale_p80_pruneseed2,0.00012606020014491133,0.14136429796864886,multidlydmintseq_tanh_h512_12k_lr0006_seqbest_no_l2_seed0,0,simulation_noise_prune_rescale,multidlydmintseq,210202
0.509273886680603,0.06269824480544046,0.31549538763966994,0.31994614005088806,0.41227999031543733,0.4867802488803862,0.46278638124465943,0.13032934543160174,0.07559968125750818,-0.5151561629972735,-0.49492312496657387,-0.6758960936262502,-0.38480774284874153,-0.33461942983757154,0.11527591441181757,S-NP rescale,51994,0.19872951320939333,261632,post,80,0,taskpres_rescale_completion_multidlydmintseq_netseed1_snp_rescale_p80_pruneseed0,0.00016264226124713054,0.1446263521278455,multidlydmintseq_tanh_h512_12k_lr0006_seqbest_no_l2_seed1,1,simulation_noise_prune_rescale,multidlydmintseq,209638
0.5244554281234741,0.06261444107242978,0.315480221207887,0.32031646370887756,0.41299153566360475,0.4890100385546685,0.4618459838628769,0.13030524476171357,0.0760008220885276,-0.515366667031213,-0.49442073878181436,-0.6784418749345262,-0.38405884932798906,-0.33550282858286784,0.11612551584065467,S-NP rescale,51927,0.19847342832681017,261632,post,80,1,taskpres_rescale_completion_multidlydmintseq_netseed1_snp_rescale_p80_pruneseed1,0.00024962431172304467,0.14456819405016397,multidlydmintseq_tanh_h512_12k_lr0006_seqbest_no_l2_seed1,1,simulation_noise_prune_rescale,multidlydmintseq,209705
0.5133270025253296,0.06280991090424022,0.31572937691550446,0.3198018819093704,0.4132440209388733,0.48892703792452846,0.4634122386574745,0.13052262361149447,0.07604140421100587,-0.5149450041343917,-0.49511898498149687,-0.6772559021965467,-0.38379342135860384,-0.3340325007816843,0.11564481227353793,S-NP rescale,52048,0.19893590998043054,261632,post,80,2,taskpres_rescale_completion_multidlydmintseq_netseed1_snp_rescale_p80_pruneseed2,0.00013145657633057634,0.14484896582784076,multidlydmintseq_tanh_h512_12k_lr0006_seqbest_no_l2_seed1,1,simulation_noise_prune_rescale,multidlydmintseq,209584
0.7058415412902832,0.060898173802197135,0.30560286573991946,0.30882515013217926,0.39763450622558594,0.4652138668298721,0.44158343076705936,0.12607066735410052,0.07054665635942443,-0.5277317153286023,-0.5102873391448255,-0.6811578045603017,-0.40051593512115213,-0.3549872308773711,0.1093818045484426,S-NP rescale,52136,0.1992722602739726,261632,post,80,0,taskpres_rescale_completion_multidlydmintseq_netseed2_snp_rescale_p80_pruneseed0,0.00010919840657266145,0.14000853122313253,multidlydmintseq_tanh_h512_12k_lr0006_seqbest_no_l2_seed2,2,simulation_noise_prune_rescale,multidlydmintseq,209496
0.7058415412902832,0.06096044989115829,0.3057101536471129,0.30921125411987305,0.39656299352645874,0.4634135264158251,0.4420205235481263,0.12610447919692983,0.07018595047739218,-0.5274597699309077,-0.509744707789892,-0.6795409833147704,-0.40168781574120604,-0.3545575655722188,0.1089281627562086,S-NP rescale,52171,0.1994060359589041,261632,post,80,1,taskpres_rescale_completion_multidlydmintseq_netseed2_snp_rescale_p80_pruneseed1,0.0004337014610331903,0.14006544194591336,multidlydmintseq_tanh_h512_12k_lr0006_seqbest_no_l2_seed2,2,simulation_noise_prune_rescale,multidlydmintseq,209461
0.7058415412902832,0.060963190799096505,0.3056653098857672,0.3092850148677826,0.39677733182907104,0.46397559285163864,0.442530620098114,0.1261150829660164,0.07035420894018815,-0.5275829148421776,-0.5096411214384255,-0.6811458321763604,-0.4014531473615086,-0.3540566737147386,0.10915269938157178,S-NP rescale,52181,0.19944425758317025,261632,post,80,2,taskpres_rescale_completion_multidlydmintseq_netseed2_snp_rescale_p80_pruneseed2,6.127190782320404e-05,0.14007683973336052,multidlydmintseq_tanh_h512_12k_lr0006_seqbest_no_l2_seed2,2,simulation_noise_prune_rescale,multidlydmintseq,209451
