arm,pruning_pct,n,mean,sd,sem,abscissa_mean,abscissa_sd,abscissa_sem
lnp_rescale,50,24,0.9126139180803964,0.10164444666392843,0.020748085792847044,1.2206488748391469,0.7533504577843524,0.15377701825531526
lnp_rescale,60,24,0.799799167122048,0.17097153459551048,0.03489941835830019,1.3592233318421576,0.6962186078628029,0.14211502822455996
lnp_rescale,70,24,0.5808041980979108,0.25884158201176466,0.052835816678632366,1.6332345025406942,0.569514119330246,0.11625158280580271
lnp_rescale,80,24,0.37768665695508674,0.3270798009948121,0.06676488480069628,2.181939529048072,0.38386495687106026,0.07835610620579743
lnp_shuffled,50,24,0.2627639739345962,0.3017871064929726,0.06160203515489592,3.450141102075577,0.4888602001638761,0.09978817049636216
lnp_shuffled,60,24,0.24044910415406728,0.27979214079023385,0.05711233158141873,3.902812361717224,0.5212511057643568,0.10639993641534848
lnp_shuffled,70,24,0.2078721037457695,0.23446503557193196,0.04785997497289503,4.66837403178215,0.8062077617777424,0.16456647025223034
lnp_shuffled,80,24,0.16977091486315418,0.1714649118581534,0.035000128570314044,5.83023198445638,1.044267429892233,0.21316019652029805
lnp_uniform,50,24,0.5185570710944706,0.2787735089463873,0.056904404226987525,1.6461816049284403,0.5453638329661505,0.11132192624462536
lnp_uniform,60,24,0.42045412013786027,0.31286473946919746,0.06386324751736089,1.847353908750746,0.47880342211315996,0.09773533927297248
lnp_uniform,70,24,0.3421210283085126,0.33800860268351046,0.06899571710381112,2.2132671078046164,0.33572731055262545,0.0685300502975699
lnp_uniform,80,24,0.26811016081163447,0.31128896257515554,0.06354159340578834,2.9099881284766727,0.18172401401643673,0.03709425902922069
magnitude,50,24,0.747875582817194,0.15159083155403147,0.030943348915964387,1.04018134282281,0.768984074475371,0.15696821689925308
magnitude,60,24,0.4164201981991286,0.1862277219248695,0.03801357455640382,1.0089506210448842,0.7244828948824762,0.14788445165304076
magnitude,70,24,0.18831976235975403,0.13968896382901744,0.028513890339932384,0.9712164450126389,0.6898740465251558,0.1408199500646412
magnitude,80,24,0.08711283203347599,0.06289451746522536,0.012838289617363914,0.9364254704366127,0.6332916371987228,0.1292701141257198
magnitude_gain_invdensity,50,24,0.04645787504370099,0.031839641355135305,0.006499239576108252,3.072393223643303,1.5349643111681501,0.31332327797871923
magnitude_gain_invdensity,60,24,0.05684345610702082,0.05505242121720179,0.011237528423909567,4.012547999620438,1.8076627163879682,0.36898760685032544
magnitude_gain_invdensity,70,24,0.06557885435620668,0.0714856361890529,0.014591944383451254,5.557904700438182,2.2950946698792714,0.4684842377154683
magnitude_gain_invdensity,80,24,0.06692891931633445,0.04844432750721375,0.009888656943745756,8.663180033365885,3.160261554654864,0.6450856885532592
magnitude_gain_matchl1,50,24,0.12856589393831855,0.058060934819877,0.011851638691474283,1.6049818607668083,0.9968751945443113,0.20348629698927298
magnitude_gain_matchl1,60,24,0.07098588701184137,0.0338159622601781,0.00690265439155411,1.9338046920796235,1.0810480115609085,0.22066800131454967
magnitude_gain_matchl1,70,24,0.056519515593986575,0.036973995417444824,0.007547285210395278,2.486656385163466,1.253636746444442,0.2558975292993114
magnitude_gain_matchl1,80,24,0.06232572274051288,0.04518883889121217,0.009224133112692148,3.592564915617307,1.5538185419187491,0.31717188171469085
random,50,24,0.05580723386431108,0.035206070757157384,0.007186409100279651,0.2693096913862973,0.3007081345933426,0.06138179093815468
random,60,24,0.06470695644952525,0.04637890978278812,0.009467055316200493,0.10648761943513009,0.1990579448210135,0.04063253283821437
random,70,24,0.07710535470233922,0.043224916951691436,0.008823249225485242,-0.050016979958551595,0.11035011203206543,0.02252512229479324
random,80,24,0.0632350335805764,0.03523463104342917,0.007192238944302459,-0.2404491327082117,0.03755344731132154,0.007665565332935887
random_gain_invdensity,50,24,0.5714097852442744,0.24632499911634084,0.05028087989387936,1.53864204718007,0.6014256420006654,0.12276549509395147
random_gain_invdensity,60,24,0.43933216284911575,0.30663029890405386,0.06259064766600167,1.7663490341769323,0.49767329289927836,0.10158713551782589
random_gain_invdensity,70,24,0.3479750067950497,0.3330858283297487,0.06799085999667984,2.1667684879567886,0.3678517939068137,0.07508743300326098
random_gain_invdensity,80,24,0.26913774985851624,0.3031705076844046,0.06188442074060982,2.7979039218690662,0.18778622098937062,0.03833170184578988
snp_rescale,50,24,0.9171891543674398,0.06847218914163394,0.013976827080695172,1.2079481722580063,0.7387562313034419,0.1507979842495782
snp_rescale,60,24,0.8095279634034518,0.1412033980985028,0.028823022940701028,1.3400114816096094,0.6607403287978907,0.13487305483613482
snp_rescale,70,24,0.5964377786653615,0.25067506616763674,0.051168833612426724,1.5921427839332158,0.5321645395366407,0.1086276317556612
snp_rescale,80,24,0.38180097205665736,0.3099234894590654,0.06326286737312926,2.104752288924323,0.32278574145824007,0.06588836356821849
snp_shuffled,50,24,0.25549769861670174,0.2796785771519992,0.05708915050083464,3.4253106349044375,0.3612617286375171,0.07374224156314317
snp_shuffled,60,24,0.2297296678219862,0.25594213179865755,0.05224396888223933,3.8981190025806427,0.3683433249667974,0.0751877663607351
snp_shuffled,70,24,0.20092346602854538,0.21694858612051043,0.044284444701125275,4.584453546338611,0.5015929963725346,0.10238724163886696
snp_shuffled,80,24,0.1669692985655357,0.16303237689087705,0.03327884457798038,5.823690758811103,0.6340162299284159,0.12941802099730965
snp_uniform,50,24,0.5366694429813851,0.2703303496573363,0.05518095155405295,1.5895190371407404,0.5360071329722541,0.10941199785617962
snp_uniform,60,24,0.43723084564187636,0.30863758104289285,0.0630003824168315,1.8142025851541097,0.4211052005307668,0.08595773911106389
snp_uniform,70,24,0.3525650588550744,0.332299767618153,0.06783040602582496,2.1680127018027835,0.29135684601398226,0.05947296715007563
snp_uniform,80,24,0.26853768165944275,0.30495865679417977,0.062249425149189914,2.8042077786392636,0.14773501908883335,0.030156284492331195
