arm,n,mean,sd,sem
lnp_rescale,24,0.6677259850638605,0.20173564101935113,0.041179115285890834
lnp_shuffled,24,0.2202140241743968,0.24653652661660777,0.050324057764064394
lnp_uniform,24,0.3873105950881195,0.30758364801288024,0.06278524923794847
magnitude,24,0.35993209385238817,0.12432911416306054,0.025378574155977964
magnitude_gain_invdensity,24,0.05895227620581573,0.049414649579618344,0.01008672310737502
magnitude_gain_matchl1,24,0.07959925482116485,0.036681275975060955,0.007487534104425903
random,24,0.06521364464918798,0.03574501569030601,0.007296420774085695
random_gain_invdensity,24,0.406963676186739,0.295159203975691,0.060249120218875254
snp_rescale,24,0.6762389671232277,0.18454242577933014,0.03766956492123293
snp_shuffled,24,0.21328003275819227,0.22851315962978475,0.046645053383677734
snp_uniform,24,0.39875075728444465,0.300928406472456,0.06142675374719733
