arm,pruning_pct,n_tasks,sequence_retention_mean,sequence_retention_sd,sequence_retention_sem,floor_corrected_retention_mean,floor_corrected_retention_sd,floor_corrected_retention_sem,abscissa_mean
lnp_rescale,50,8,0.9779624412683214,0.0398491638967516,0.0140888070080036,0.975607121723411,0.0444202638557156,0.0157049348972361,1.2302182987332344
snp_rescale,50,8,0.9489804916544308,0.064817026411638,0.0229162794560084,0.9436123602809526,0.0717966742020814,0.0253839575974665,1.2634124606847763
lnp_magnitude,50,8,0.9436961604622748,0.0594504171415674,0.0210188965525856,0.9374791911008308,0.0658368608435378,0.0232768453772503,1.283281907439232
snp_magnitude,50,8,0.9229738685580366,0.0766797972763305,0.0271104023170515,0.914864569380468,0.08494029419122,0.030030929009296,1.2913228049874306
magnitude_gain_rowl1,50,8,0.1297848270497019,0.0665461526676033,0.0235276179065687,0.0342155004699421,0.062910968996492,0.022242386394218,1.3851110264658928
magnitude_gain_jlin,50,8,0.7499539393650765,0.1917335978886868,0.0677880636241926,0.7224679102088791,0.2132667191864398,0.0754011716690694,1.1344197317957878
magnitude_gain_l2,50,8,0.9563439553155548,0.0770509042434761,0.0272416084435586,0.9522794796787304,0.0840075913838607,0.0297011687693382,1.1823378056287766
magnitude,50,8,0.7792121946099204,0.1341288052930119,0.0474216938875694,0.7550309898887322,0.1484657209684618,0.0524905590352745,1.089787557721138
lnp_rescale,60,8,0.8854486987747137,0.0690542803323796,0.0244143749464912,0.8728358794349573,0.0769203667458493,0.0271954564686731,1.3879626393318176
snp_rescale,60,8,0.827047604943968,0.1283443646941856,0.0453765853011689,0.8089890455147941,0.1406671727331745,0.0497333558649835,1.386815793812275
lnp_magnitude,60,8,0.836319546128531,0.1082017453155409,0.0382550939244193,0.8183206818852774,0.1200541035037081,0.0424455353483718,1.393031306564808
snp_magnitude,60,8,0.7839460149153639,0.1746438727152382,0.0617459333448126,0.7616739825727357,0.1912390467387285,0.067613213388303,1.3609469085931778
magnitude_gain_rowl1,60,8,0.0704408403073467,0.0296949113778708,0.010498736601013,-0.0320949714144141,0.0225041027376017,0.0079564018251384,1.584943100810051
magnitude_gain_jlin,60,8,0.4768566375303542,0.3012271880364174,0.106499893669153,0.4192105809677562,0.3354739856936408,0.1186079650978261,1.1371810715645552
magnitude_gain_l2,60,8,0.8819939915951027,0.1139383072628192,0.0402832748512279,0.8698667164163221,0.1257294588401739,0.0444520764704009,1.2507486082613468
magnitude,60,8,0.420995478665065,0.1611267041139283,0.0569668925545985,0.3584201669756556,0.1729397039762911,0.0611434187090147,1.078947238624096
lnp_rescale,70,8,0.6150606547164938,0.2192103473771837,0.0775025615683326,0.5739395444895271,0.2411335672348583,0.0852535902817353,1.6514779776334765
snp_rescale,70,8,0.5967003376184904,0.2586827060995912,0.0914581478293538,0.5544499037052049,0.2823733628652571,0.0998340598542364,1.5759056061506271
lnp_magnitude,70,8,0.5720036024328888,0.2448995743513794,0.0865850748667797,0.5263994913775387,0.2688299921740414,0.0950457552262956,1.6117194890975952
snp_magnitude,70,8,0.558852610134456,0.2619823108472316,0.0926247342754997,0.5121641800083594,0.2868614107555019,0.1014208244029775,1.5652863383293152
magnitude_gain_rowl1,70,8,0.0515827300376354,0.0309437096672732,0.0109402534703983,-0.0531840982628322,0.03100831823197,0.0109630960475082,1.82827527821064
magnitude_gain_jlin,70,8,0.3824559054616406,0.3495819336232695,0.1235958779226596,0.3129388943769966,0.3885938402509102,0.1373886697843702,1.1656110994517803
magnitude_gain_l2,70,8,0.6978608443978646,0.2601864599610073,0.0919898051056752,0.6649638575553056,0.2868252830233764,0.1014080513207901,1.3488297834992409
magnitude,70,8,0.1803456752699153,0.1237377962804707,0.0437479174195002,0.0908514498543138,0.1282265341978702,0.0453349259296813,1.0464559495449066
lnp_rescale,80,8,0.3901081863099526,0.3166496017208747,0.111952540318425,0.3245328776543154,0.3485509149959165,0.1232313577911942,2.243324890732765
snp_rescale,80,8,0.3709619838353845,0.293449207874997,0.1037499624111156,0.3031680900554058,0.3225194934176378,0.1140278604302308,2.0922289341688156
lnp_magnitude,80,8,0.3684022698398502,0.3227148434669077,0.1140969271025028,0.3002971826487505,0.355823321066432,0.125802541615196,2.1723248213529587
snp_magnitude,80,8,0.3625600522405338,0.3132922142768304,0.1107655246040478,0.2940286196723886,0.3443109570922172,0.1217323062983685,1.9998849481344223
magnitude_gain_rowl1,80,8,0.0564841006764593,0.0435604434414458,0.0154009424744697,-0.0477571164712517,0.0465147989603189,0.0164454648851852,2.4795746356248856
magnitude_gain_jlin,80,8,0.1571561067756691,0.1857691277250741,0.0656793049747548,0.0648685514316428,0.2025524000467488,0.0716130878093332,1.2180479113012552
magnitude_gain_l2,80,8,0.3598025335529068,0.304831138999612,0.1077740827517223,0.2913369969551119,0.3332018343734774,0.1178046382946413,1.5978410616517067
magnitude,80,8,0.0833489368305229,0.054430004295572,0.0192439125687059,-0.0175700611997606,0.0514643414867231,0.018195392427281,1.0499430373311045
