arm,task_short,pruning_pct,prune_gain_restore_mode,prune_gain_restore_factor,prune_gain_restore_spectral_radius_ratio,prune_gain_restore_offdiag_l1_ratio,prune_prob_control,prune_prob_control_prob_sum_before,prune_prob_control_prob_sum_after,prune_prob_control_pinned_at_one,prune_kept_edges,post_rec_weight_nz_count
magnitude,ctxdlydm1intseq,50,,,,,,,,,,131072.0
magnitude,ctxdlydm1intseq,60,,,,,,,,,,104858.0
magnitude,ctxdlydm1intseq,70,,,,,,,,,,78643.0
magnitude,ctxdlydm1intseq,80,,,,,,,,,,52429.0
lnp_rescale,ctxdlydm1intseq,50,,,,,none,116320.5483114471,116320.5483114471,0.0,116331.0,116331.0
lnp_rescale,ctxdlydm1intseq,60,,,,,none,96179.94821672604,96179.94821672604,0.0,96173.0,96173.0
lnp_rescale,ctxdlydm1intseq,70,,,,,none,74003.14701600758,74003.14701600758,0.0,73945.0,73945.0
lnp_rescale,ctxdlydm1intseq,80,,,,,none,50461.84342620695,50461.84342620695,0.0,50440.0,50440.0
snp_rescale,ctxdlydm1intseq,50,,,,,none,119254.61699509986,119254.61699509986,0.0,119440.0,119440.0
snp_rescale,ctxdlydm1intseq,60,,,,,none,99139.15944029404,99139.15944029404,0.0,99054.0,99054.0
snp_rescale,ctxdlydm1intseq,70,,,,,none,76431.22520168319,76431.22520168319,0.0,76322.0,76322.0
snp_rescale,ctxdlydm1intseq,80,,,,,none,51898.42430438047,51898.42430438047,0.0,51946.0,51946.0
lnp_magnitude,ctxdlydm1intseq,50,,,,,magnitude,116320.5483114471,116320.54831144711,19022.0,116278.0,116278.0
lnp_magnitude,ctxdlydm1intseq,60,,,,,magnitude,96179.94821672604,96179.94821672604,6816.0,96248.0,96248.0
lnp_magnitude,ctxdlydm1intseq,70,,,,,magnitude,74003.14701600758,74003.1470160076,1358.0,74114.0,74114.0
lnp_magnitude,ctxdlydm1intseq,80,,,,,magnitude,50461.84342620695,50461.84342620695,76.0,50540.0,50540.0
snp_magnitude,ctxdlydm1intseq,50,,,,,magnitude,119254.61699509986,119254.61699509987,21471.0,119452.0,119452.0
snp_magnitude,ctxdlydm1intseq,60,,,,,magnitude,99139.15944029404,99139.15944029404,8105.0,99180.0,99180.0
snp_magnitude,ctxdlydm1intseq,70,,,,,magnitude,76431.22520168319,76431.22520168319,1676.0,76365.0,76365.0
snp_magnitude,ctxdlydm1intseq,80,,,,,magnitude,51898.42430438047,51898.424304380474,100.0,51677.0,51677.0
magnitude_gain_rowl1,ctxdlydm1intseq,50,match_l1_rowwise,1.2762372493743896,1.184329644242002,0.9999999403731852,,,,,,131072.0
magnitude_gain_rowl1,ctxdlydm1intseq,60,match_l1_rowwise,1.4631376266479492,1.2720184566515678,0.9999998807463704,,,,,,104858.0
magnitude_gain_rowl1,ctxdlydm1intseq,70,match_l1_rowwise,1.7853249311447144,1.3967049560208342,1.0,,,,,,78643.0
magnitude_gain_rowl1,ctxdlydm1intseq,80,match_l1_rowwise,2.4444894790649414,1.5875471438044153,0.9999998807463704,,,,,,52429.0
magnitude,ctxdlydm2intseq,50,,,,,,,,,,131072.0
magnitude,ctxdlydm2intseq,60,,,,,,,,,,104858.0
magnitude,ctxdlydm2intseq,70,,,,,,,,,,78643.0
magnitude,ctxdlydm2intseq,80,,,,,,,,,,52429.0
lnp_rescale,ctxdlydm2intseq,50,,,,,none,112778.75725468672,112778.75725468672,0.0,112947.0,112947.0
lnp_rescale,ctxdlydm2intseq,60,,,,,none,93629.51397333152,93629.51397333152,0.0,93605.0,93605.0
lnp_rescale,ctxdlydm2intseq,70,,,,,none,72736.02605738398,72736.02605738398,0.0,72541.0,72541.0
lnp_rescale,ctxdlydm2intseq,80,,,,,none,50333.381732428024,50333.381732428024,0.0,50253.0,50253.0
snp_rescale,ctxdlydm2intseq,50,,,,,none,120741.9961200013,120741.9961200013,0.0,120938.0,120938.0
snp_rescale,ctxdlydm2intseq,60,,,,,none,100437.62492841925,100437.62492841925,0.0,100671.0,100671.0
snp_rescale,ctxdlydm2intseq,70,,,,,none,77251.21494418755,77251.21494418755,0.0,77299.0,77299.0
snp_rescale,ctxdlydm2intseq,80,,,,,none,52132.93310837612,52132.93310837612,0.0,52093.0,52093.0
lnp_magnitude,ctxdlydm2intseq,50,,,,,magnitude,112778.75725468672,112778.75725468672,16325.0,112836.0,112836.0
lnp_magnitude,ctxdlydm2intseq,60,,,,,magnitude,93629.51397333152,93629.51397333152,5835.0,93819.0,93819.0
lnp_magnitude,ctxdlydm2intseq,70,,,,,magnitude,72736.02605738398,72736.026057384,1105.0,72652.0,72652.0
lnp_magnitude,ctxdlydm2intseq,80,,,,,magnitude,50333.381732428024,50333.381732428024,45.0,50137.0,50137.0
snp_magnitude,ctxdlydm2intseq,50,,,,,magnitude,120741.9961200013,120741.9961200013,22923.0,120889.0,120889.0
snp_magnitude,ctxdlydm2intseq,60,,,,,magnitude,100437.62492841925,100437.62492841926,8806.0,100587.0,100587.0
snp_magnitude,ctxdlydm2intseq,70,,,,,magnitude,77251.21494418755,77251.21494418754,1651.0,77391.0,77391.0
snp_magnitude,ctxdlydm2intseq,80,,,,,magnitude,52132.93310837612,52132.93310837611,63.0,52208.0,52208.0
magnitude_gain_rowl1,ctxdlydm2intseq,50,match_l1_rowwise,1.2742356061935425,1.1829466542381883,1.0000001187585128,,,,,,131072.0
magnitude_gain_rowl1,ctxdlydm2intseq,60,match_l1_rowwise,1.4600105285644531,1.2710827575737471,0.9999998812414872,,,,,,104858.0
magnitude_gain_rowl1,ctxdlydm2intseq,70,match_l1_rowwise,1.779134750366211,1.3820794353940402,1.0,,,,,,78643.0
magnitude_gain_rowl1,ctxdlydm2intseq,80,match_l1_rowwise,2.4311928749084473,1.5638656164382605,1.0,,,,,,52429.0
magnitude,dlydm1intseq,50,,,,,,,,,,131072.0
magnitude,dlydm1intseq,60,,,,,,,,,,104858.0
magnitude,dlydm1intseq,70,,,,,,,,,,78643.0
magnitude,dlydm1intseq,80,,,,,,,,,,52429.0
lnp_rescale,dlydm1intseq,50,,,,,none,111976.35116100252,111976.35116100252,0.0,112180.0,112180.0
lnp_rescale,dlydm1intseq,60,,,,,none,92567.47037747562,92567.47037747562,0.0,92605.0,92605.0
lnp_rescale,dlydm1intseq,70,,,,,none,71614.29258736935,71614.29258736935,0.0,71735.0,71735.0
lnp_rescale,dlydm1intseq,80,,,,,none,49475.72270628503,49475.72270628503,0.0,49473.0,49473.0
snp_rescale,dlydm1intseq,50,,,,,none,121216.70999428298,121216.70999428298,0.0,121599.0,121599.0
snp_rescale,dlydm1intseq,60,,,,,none,100788.96141358974,100788.96141358974,0.0,101238.0,101238.0
snp_rescale,dlydm1intseq,70,,,,,none,77455.23000773707,77455.23000773707,0.0,77565.0,77565.0
snp_rescale,dlydm1intseq,80,,,,,none,52204.14093937539,52204.14093937539,0.0,52253.0,52253.0
lnp_magnitude,dlydm1intseq,50,,,,,magnitude,111976.35116100252,111976.35116100252,15265.0,112069.0,112069.0
lnp_magnitude,dlydm1intseq,60,,,,,magnitude,92567.47037747562,92567.47037747563,5124.0,92701.0,92701.0
lnp_magnitude,dlydm1intseq,70,,,,,magnitude,71614.29258736935,71614.29258736935,976.0,71789.0,71789.0
lnp_magnitude,dlydm1intseq,80,,,,,magnitude,49475.72270628503,49475.72270628504,59.0,49596.0,49596.0
snp_magnitude,dlydm1intseq,50,,,,,magnitude,121216.70999428298,121216.70999428294,22758.0,121658.0,121658.0
snp_magnitude,dlydm1intseq,60,,,,,magnitude,100788.96141358974,100788.9614135898,8551.0,101135.0,101135.0
snp_magnitude,dlydm1intseq,70,,,,,magnitude,77455.23000773707,77455.23000773706,1604.0,77517.0,77517.0
snp_magnitude,dlydm1intseq,80,,,,,magnitude,52204.14093937539,52204.140939375386,95.0,52236.0,52236.0
magnitude_gain_rowl1,dlydm1intseq,50,match_l1_rowwise,1.2762258052825928,1.2023652632865371,1.0,,,,,,131072.0
magnitude_gain_rowl1,dlydm1intseq,60,match_l1_rowwise,1.462314486503601,1.2937815250268845,1.0000000597748462,,,,,,104858.0
magnitude_gain_rowl1,dlydm1intseq,70,match_l1_rowwise,1.7820909023284912,1.43338729822461,1.0,,,,,,78643.0
magnitude_gain_rowl1,dlydm1intseq,80,match_l1_rowwise,2.434143304824829,1.619572147280634,1.0,,,,,,52429.0
magnitude,dlydm2intseq,50,,,,,,,,,,131072.0
magnitude,dlydm2intseq,60,,,,,,,,,,104858.0
magnitude,dlydm2intseq,70,,,,,,,,,,78643.0
magnitude,dlydm2intseq,80,,,,,,,,,,52429.0
lnp_rescale,dlydm2intseq,50,,,,,none,119737.4094535935,119737.4094535935,0.0,119455.0,119455.0
lnp_rescale,dlydm2intseq,60,,,,,none,99151.48633330424,99151.48633330424,0.0,99215.0,99215.0
lnp_rescale,dlydm2intseq,70,,,,,none,76234.678593361,76234.678593361,0.0,76324.0,76324.0
lnp_rescale,dlydm2intseq,80,,,,,none,51786.25393725561,51786.25393725561,0.0,51812.0,51812.0
snp_rescale,dlydm2intseq,50,,,,,none,120695.10195616716,120695.10195616716,0.0,120855.0,120855.0
snp_rescale,dlydm2intseq,60,,,,,none,100381.34487860552,100381.34487860552,0.0,100700.0,100700.0
snp_rescale,dlydm2intseq,70,,,,,none,77217.91215702088,77217.91215702088,0.0,77234.0,77234.0
snp_rescale,dlydm2intseq,80,,,,,none,52144.50097293162,52144.50097293162,0.0,52212.0,52212.0
lnp_magnitude,dlydm2intseq,50,,,,,magnitude,119737.4094535935,119737.40945359351,21579.0,119592.0,119592.0
lnp_magnitude,dlydm2intseq,60,,,,,magnitude,99151.48633330424,99151.48633330424,7767.0,99221.0,99221.0
lnp_magnitude,dlydm2intseq,70,,,,,magnitude,76234.678593361,76234.67859336101,1403.0,76461.0,76461.0
lnp_magnitude,dlydm2intseq,80,,,,,magnitude,51786.25393725561,51786.2539372556,61.0,51886.0,51886.0
snp_magnitude,dlydm2intseq,50,,,,,magnitude,120695.10195616716,120695.10195616716,22422.0,120992.0,120992.0
snp_magnitude,dlydm2intseq,60,,,,,magnitude,100381.34487860552,100381.34487860548,8410.0,100543.0,100543.0
snp_magnitude,dlydm2intseq,70,,,,,magnitude,77217.91215702088,77217.91215702087,1528.0,77208.0,77208.0
snp_magnitude,dlydm2intseq,80,,,,,magnitude,52144.50097293162,52144.50097293162,65.0,52164.0,52164.0
magnitude_gain_rowl1,dlydm2intseq,50,match_l1_rowwise,1.2765836715698242,1.175699193862463,1.0000000596884535,,,,,,131072.0
magnitude_gain_rowl1,dlydm2intseq,60,match_l1_rowwise,1.4638522863388062,1.2569213422503274,0.9999999403115464,,,,,,104858.0
magnitude_gain_rowl1,dlydm2intseq,70,match_l1_rowwise,1.7864937782287598,1.3595636274978868,0.9999999403115464,,,,,,78643.0
magnitude_gain_rowl1,dlydm2intseq,80,match_l1_rowwise,2.448528528213501,1.5398784878384095,1.0,,,,,,52429.0
magnitude,dm1seqr,50,,,,,,,,,,131072.0
magnitude,dm1seqr,60,,,,,,,,,,104858.0
magnitude,dm1seqr,70,,,,,,,,,,78643.0
magnitude,dm1seqr,80,,,,,,,,,,52429.0
lnp_rescale,dm1seqr,50,,,,,none,124288.25309703268,124288.25309703268,0.0,124103.0,124103.0
lnp_rescale,dm1seqr,60,,,,,none,102406.33707224712,102406.33707224712,0.0,102246.0,102246.0
lnp_rescale,dm1seqr,70,,,,,none,77960.14651204874,77960.14651204874,0.0,77794.0,77794.0
lnp_rescale,dm1seqr,80,,,,,none,52264.213985476505,52264.213985476505,0.0,52314.0,52314.0
snp_rescale,dm1seqr,50,,,,,none,124052.74169711243,124052.74169711243,0.0,124259.0,124259.0
snp_rescale,dm1seqr,60,,,,,none,102373.78496339826,102373.78496339826,0.0,102598.0,102598.0
snp_rescale,dm1seqr,70,,,,,none,78004.81043182455,78004.81043182455,0.0,78355.0,78355.0
snp_rescale,dm1seqr,80,,,,,none,52281.31065128216,52281.31065128216,0.0,52535.0,52429.0
lnp_magnitude,dm1seqr,50,,,,,magnitude,124288.25309703268,124288.25309703268,23154.0,124119.0,124119.0
lnp_magnitude,dm1seqr,60,,,,,magnitude,102406.33707224712,102406.33707224712,8158.0,102301.0,102301.0
lnp_magnitude,dm1seqr,70,,,,,magnitude,77960.14651204874,77960.14651204874,1527.0,77929.0,77929.0
lnp_magnitude,dm1seqr,80,,,,,magnitude,52264.213985476505,52264.21398547653,125.0,52273.0,52273.0
snp_magnitude,dm1seqr,50,,,,,magnitude,124052.74169711243,124052.74169711243,22959.0,124205.0,124205.0
snp_magnitude,dm1seqr,60,,,,,magnitude,102373.78496339826,102373.78496339824,8148.0,102655.0,102655.0
snp_magnitude,dm1seqr,70,,,,,magnitude,78004.81043182455,78004.81043182456,1534.0,78348.0,78348.0
snp_magnitude,dm1seqr,80,,,,,magnitude,52281.31065128216,52281.31065128216,125.0,52555.0,52429.0
magnitude_gain_rowl1,dm1seqr,50,match_l1_rowwise,1.2872025966644287,1.1882230792396742,1.0,,,,,,131072.0
magnitude_gain_rowl1,dm1seqr,60,match_l1_rowwise,1.481738805770874,1.291657761348482,1.0,,,,,,104858.0
magnitude_gain_rowl1,dm1seqr,70,match_l1_rowwise,1.817434310913086,1.431092330152396,1.0,,,,,,78643.0
magnitude_gain_rowl1,dm1seqr,80,match_l1_rowwise,2.517596960067749,1.6534592857602763,1.0,,,,,,52429.0
magnitude,dm2seql,50,,,,,,,,,,131072.0
magnitude,dm2seql,60,,,,,,,,,,104858.0
magnitude,dm2seql,70,,,,,,,,,,78643.0
magnitude,dm2seql,80,,,,,,,,,,52429.0
lnp_rescale,dm2seql,50,,,,,none,123616.83216124614,123616.83216124614,0.0,123799.0,123799.0
lnp_rescale,dm2seql,60,,,,,none,101928.8669951008,101928.8669951008,0.0,101997.0,101997.0
lnp_rescale,dm2seql,70,,,,,none,77663.8963171895,77663.8963171895,0.0,77554.0,77554.0
lnp_rescale,dm2seql,80,,,,,none,52164.85369713448,52164.85369713448,0.0,52175.0,52175.0
snp_rescale,dm2seql,50,,,,,none,123699.60524887212,123699.60524887212,0.0,123834.0,123834.0
snp_rescale,dm2seql,60,,,,,none,102150.53706837198,102150.53706837198,0.0,102058.0,102058.0
snp_rescale,dm2seql,70,,,,,none,77875.28420789982,77875.28420789982,0.0,77997.0,77997.0
snp_rescale,dm2seql,80,,,,,none,52249.81765538603,52249.81765538603,0.0,52307.0,52307.0
lnp_magnitude,dm2seql,50,,,,,magnitude,123616.83216124614,123616.83216124616,23332.0,123643.0,123643.0
lnp_magnitude,dm2seql,60,,,,,magnitude,101928.8669951008,101928.86699510078,8236.0,102007.0,102007.0
lnp_magnitude,dm2seql,70,,,,,magnitude,77663.8963171895,77663.89631718949,1583.0,77533.0,77533.0
lnp_magnitude,dm2seql,80,,,,,magnitude,52164.85369713448,52164.85369713447,161.0,52187.0,52187.0
snp_magnitude,dm2seql,50,,,,,magnitude,123699.60524887212,123699.60524887216,23400.0,123815.0,123815.0
snp_magnitude,dm2seql,60,,,,,magnitude,102150.53706837198,102150.53706837198,8351.0,102168.0,102168.0
snp_magnitude,dm2seql,70,,,,,magnitude,77875.28420789982,77875.28420789981,1612.0,78045.0,78045.0
snp_magnitude,dm2seql,80,,,,,magnitude,52249.81765538603,52249.81765538603,162.0,52243.0,52243.0
magnitude_gain_rowl1,dm2seql,50,match_l1_rowwise,1.2820955514907837,1.1924603795366755,1.0,,,,,,131072.0
magnitude_gain_rowl1,dm2seql,60,match_l1_rowwise,1.4729893207550049,1.291908034116065,1.0,,,,,,104858.0
magnitude_gain_rowl1,dm2seql,70,match_l1_rowwise,1.8022584915161133,1.4393160201669175,1.0,,,,,,78643.0
magnitude_gain_rowl1,dm2seql,80,match_l1_rowwise,2.4745824337005615,1.6779233016046111,1.0,,,,,,52429.0
magnitude,dmsintseq,50,,,,,,,,,,131072.0
magnitude,dmsintseq,60,,,,,,,,,,104858.0
magnitude,dmsintseq,70,,,,,,,,,,78643.0
magnitude,dmsintseq,80,,,,,,,,,,52429.0
lnp_rescale,dmsintseq,50,,,,,none,124573.21430518954,124573.21430518954,0.0,124562.0,124562.0
lnp_rescale,dmsintseq,60,,,,,none,102413.80495877136,102413.80495877136,0.0,102535.0,102535.0
lnp_rescale,dmsintseq,70,,,,,none,78001.18777509354,78001.18777509354,0.0,77801.0,77801.0
lnp_rescale,dmsintseq,80,,,,,none,52303.61588155328,52303.61588155328,0.0,52254.0,52254.0
snp_rescale,dmsintseq,50,,,,,none,125100.80584200672,125100.80584200672,0.0,125134.0,125134.0
snp_rescale,dmsintseq,60,,,,,none,102844.47831340064,102844.47831340064,0.0,102580.0,102580.0
snp_rescale,dmsintseq,70,,,,,none,78172.4840344654,78172.4840344654,0.0,77964.0,77964.0
snp_rescale,dmsintseq,80,,,,,none,52319.14139867489,52319.14139867489,0.0,52360.0,52360.0
lnp_magnitude,dmsintseq,50,,,,,magnitude,124573.21430518954,124573.2143051895,20648.0,124646.0,124646.0
lnp_magnitude,dmsintseq,60,,,,,magnitude,102413.80495877136,102413.80495877136,6885.0,102686.0,102686.0
lnp_magnitude,dmsintseq,70,,,,,magnitude,78001.18777509354,78001.18777509355,1487.0,77897.0,77897.0
lnp_magnitude,dmsintseq,80,,,,,magnitude,52303.61588155328,52303.61588155328,50.0,52336.0,52336.0
snp_magnitude,dmsintseq,50,,,,,magnitude,125100.80584200672,125100.80584200674,21124.0,125038.0,125038.0
snp_magnitude,dmsintseq,60,,,,,magnitude,102844.47831340064,102844.47831340064,7033.0,102614.0,102614.0
snp_magnitude,dmsintseq,70,,,,,magnitude,78172.4840344654,78172.48403446538,1507.0,78043.0,78043.0
snp_magnitude,dmsintseq,80,,,,,magnitude,52319.14139867489,52319.141398674874,50.0,52355.0,52355.0
magnitude_gain_rowl1,dmsintseq,50,match_l1_rowwise,1.3010730743408203,1.2278361395718278,1.0,,,,,,131072.0
magnitude_gain_rowl1,dmsintseq,60,match_l1_rowwise,1.5091497898101809,1.3407128229169731,1.0,,,,,,104858.0
magnitude_gain_rowl1,dmsintseq,70,match_l1_rowwise,1.876187086105347,1.5093989740357572,0.9999999396091904,,,,,,78643.0
magnitude_gain_rowl1,dmsintseq,80,match_l1_rowwise,2.6653800010681152,1.74034030942914,0.9999999396091904,,,,,,52429.0
magnitude,multidlydmintseq,50,,,,,,,,,,131072.0
magnitude,multidlydmintseq,60,,,,,,,,,,104858.0
magnitude,multidlydmintseq,70,,,,,,,,,,78643.0
magnitude,multidlydmintseq,80,,,,,,,,,,52429.0
lnp_rescale,multidlydmintseq,50,,,,,none,116703.91998929346,116703.91998929346,0.0,116839.0,116839.0
lnp_rescale,multidlydmintseq,60,,,,,none,96456.00720510993,96456.00720510993,0.0,96415.0,96415.0
lnp_rescale,multidlydmintseq,70,,,,,none,74218.54278513067,74218.54278513067,0.0,74317.0,74317.0
lnp_rescale,multidlydmintseq,80,,,,,none,50787.56336948762,50787.56336948762,0.0,50814.0,50814.0
snp_rescale,multidlydmintseq,50,,,,,none,117089.79186964348,117089.79186964348,0.0,117254.0,117254.0
snp_rescale,multidlydmintseq,60,,,,,none,97352.79167090666,97352.79167090666,0.0,97376.0,97376.0
snp_rescale,multidlydmintseq,70,,,,,none,75240.1190517182,75240.1190517182,0.0,75283.0,75283.0
snp_rescale,multidlydmintseq,80,,,,,none,51370.5454300581,51370.5454300581,0.0,51262.0,51262.0
lnp_magnitude,multidlydmintseq,50,,,,,magnitude,116703.91998929346,116703.91998929348,19076.0,116750.0,116750.0
lnp_magnitude,multidlydmintseq,60,,,,,magnitude,96456.00720510993,96456.00720510993,6536.0,96491.0,96491.0
lnp_magnitude,multidlydmintseq,70,,,,,magnitude,74218.54278513067,74218.54278513067,1118.0,74215.0,74215.0
lnp_magnitude,multidlydmintseq,80,,,,,magnitude,50787.56336948762,50787.56336948763,79.0,50881.0,50881.0
snp_magnitude,multidlydmintseq,50,,,,,magnitude,117089.79186964348,117089.79186964348,19395.0,117233.0,117233.0
snp_magnitude,multidlydmintseq,60,,,,,magnitude,97352.79167090666,97352.79167090666,6915.0,97427.0,97427.0
snp_magnitude,multidlydmintseq,70,,,,,magnitude,75240.1190517182,75240.11905171821,1231.0,75257.0,75257.0
snp_magnitude,multidlydmintseq,80,,,,,magnitude,51370.5454300581,51370.54543005809,85.0,51359.0,51359.0
magnitude_gain_rowl1,multidlydmintseq,50,match_l1_rowwise,1.27397620677948,1.193101762931024,1.0,,,,,,131072.0
magnitude_gain_rowl1,multidlydmintseq,60,match_l1_rowwise,1.4587419033050537,1.2919825864395558,1.000000061562685,,,,,,104858.0
magnitude_gain_rowl1,multidlydmintseq,70,match_l1_rowwise,1.776199460029602,1.4232616526115944,1.0,,,,,,78643.0
magnitude_gain_rowl1,multidlydmintseq,80,match_l1_rowwise,2.4206724166870117,1.591275718166982,1.0,,,,,,52429.0
