arm,task_short,pruning_pct,post_acc_sequence_round2,post_acc_sequence_round1,abs_diff
magnitude,ctxdlydm1intseq,50,0.5016000338562606,0.5016000338562606,0.0
magnitude,ctxdlydm1intseq,60,0.2090884527363346,0.2090884527363346,0.0
magnitude,ctxdlydm1intseq,70,0.0734680855912312,0.0734680855912312,0.0
magnitude,ctxdlydm1intseq,80,0.0317793092671747,0.0317793092671747,0.0
lnp_rescale,ctxdlydm1intseq,50,0.6906514400304706,0.6906514400304706,0.0
lnp_rescale,ctxdlydm1intseq,60,0.5959938928514459,0.5959938928514459,0.0
lnp_rescale,ctxdlydm1intseq,70,0.3564966583219665,0.3564966583219665,0.0
lnp_rescale,ctxdlydm1intseq,80,0.1516662814431882,0.1516662814431882,0.0
snp_rescale,ctxdlydm1intseq,50,0.6310448888440365,0.6310448888440365,0.0
snp_rescale,ctxdlydm1intseq,60,0.5787434769728597,0.5787434769728597,0.0
snp_rescale,ctxdlydm1intseq,70,0.3659406017950329,0.3659406017950329,0.0
snp_rescale,ctxdlydm1intseq,80,0.1371243664158916,0.1371243664158916,0.0
magnitude,ctxdlydm2intseq,50,0.4275283259132847,0.4275283259132847,0.0
magnitude,ctxdlydm2intseq,60,0.2052786019260644,0.2052786019260644,0.0
magnitude,ctxdlydm2intseq,70,0.0840576972555047,0.0840576972555047,0.0
magnitude,ctxdlydm2intseq,80,0.0496236781511866,0.0496236781511866,0.0
lnp_rescale,ctxdlydm2intseq,50,0.6582782664769045,0.6582782664769045,0.0
lnp_rescale,ctxdlydm2intseq,60,0.5712503786016004,0.5712503786016004,0.0
lnp_rescale,ctxdlydm2intseq,70,0.3272811357070975,0.3272811357070975,0.0
lnp_rescale,ctxdlydm2intseq,80,0.1672653728533696,0.1672653728533696,0.0
snp_rescale,ctxdlydm2intseq,50,0.5903221288971539,0.5903221288971539,0.0
snp_rescale,ctxdlydm2intseq,60,0.4639554992493104,0.4639554992493104,0.0
snp_rescale,ctxdlydm2intseq,70,0.2424906611605238,0.2424906611605238,0.0
snp_rescale,ctxdlydm2intseq,80,0.1339386616555556,0.1339386616555556,0.0
magnitude,dlydm1intseq,50,0.5989793991024964,0.5989793991024964,0.0
magnitude,dlydm1intseq,60,0.3334277731100646,0.3334277731100646,0.0
magnitude,dlydm1intseq,70,0.1252564528419859,0.1252564528419859,0.0
magnitude,dlydm1intseq,80,0.0534561701739645,0.0534561701739645,0.0
lnp_rescale,dlydm1intseq,50,0.6415652253202812,0.6415652253202812,0.0
lnp_rescale,dlydm1intseq,60,0.5155304584562679,0.5155304584562679,0.0
lnp_rescale,dlydm1intseq,70,0.3031451702195562,0.3031451702195562,0.0
lnp_rescale,dlydm1intseq,80,0.1674156717924669,0.1674156717924669,0.0
snp_rescale,dlydm1intseq,50,0.6365989956818227,0.6365989956818227,0.0
snp_rescale,dlydm1intseq,60,0.5798699987625132,0.5798699987625132,0.0
snp_rescale,dlydm1intseq,70,0.4312087640112806,0.4312087640112806,0.0
snp_rescale,dlydm1intseq,80,0.1828126119437008,0.1828126119437008,0.0
magnitude,dlydm2intseq,50,0.4605013775181226,0.4605013775181226,0.0
magnitude,dlydm2intseq,60,0.2089724300982825,0.2089724300982825,0.0
magnitude,dlydm2intseq,70,0.0844584692940463,0.0844584692940463,0.0
magnitude,dlydm2intseq,80,0.0479330715071937,0.0479330715071937,0.0
lnp_rescale,dlydm2intseq,50,0.6821775858587832,0.6821775858587832,0.0
lnp_rescale,dlydm2intseq,60,0.627207122713092,0.627207122713092,0.0
lnp_rescale,dlydm2intseq,70,0.3718712753277711,0.3718712753277711,0.0
lnp_rescale,dlydm2intseq,80,0.1606062382357347,0.1606062382357347,0.0
snp_rescale,dlydm2intseq,50,0.6737626760976182,0.6737626760976182,0.0
snp_rescale,dlydm2intseq,60,0.5782026482216013,0.5782026482216013,0.0
snp_rescale,dlydm2intseq,70,0.3440994678807063,0.3440994678807063,0.0
snp_rescale,dlydm2intseq,80,0.1532887838110683,0.1532887838110683,0.0
magnitude,dm1seqr,50,0.5317501643484317,0.5317501643484317,0.0
magnitude,dm1seqr,60,0.3886791593170915,0.3886791593170915,0.0
magnitude,dm1seqr,70,0.2058228161185131,0.2058228161185131,0.0
magnitude,dm1seqr,80,0.0895194516945787,0.0895194516945787,0.0
lnp_rescale,dm1seqr,50,0.6275929626326991,0.6275929626326991,0.0
lnp_rescale,dm1seqr,60,0.6243678280622507,0.6243678280622507,0.0
lnp_rescale,dm1seqr,70,0.60341909826409,0.60341909826409,0.0
lnp_rescale,dm1seqr,80,0.5791443467393922,0.5791443467393922,0.0
snp_rescale,dm1seqr,50,0.6282471019350807,0.6282471019350807,0.0
snp_rescale,dm1seqr,60,0.6231344012184565,0.6231344012184565,0.0
snp_rescale,dm1seqr,70,0.6085122724343746,0.6085122724343746,0.0
snp_rescale,dm1seqr,80,0.5383599002844367,0.5383599002844367,0.0
magnitude,dm2seql,50,0.5361921388277291,0.5361921388277291,0.0
magnitude,dm2seql,60,0.4081223862318746,0.4081223862318746,0.0
magnitude,dm2seql,70,0.2387990671860547,0.2387990671860547,0.0
magnitude,dm2seql,80,0.1090942845603658,0.1090942845603658,0.0
lnp_rescale,dm2seql,50,0.6203212736297666,0.6203212736297666,0.0
lnp_rescale,dm2seql,60,0.6166766548979247,0.6166766548979247,0.0
lnp_rescale,dm2seql,70,0.6041924515027945,0.6041924515027945,0.0
lnp_rescale,dm2seql,80,0.5480933335070417,0.5480933335070417,0.0
snp_rescale,dm2seql,50,0.6159275375535782,0.6159275375535782,0.0
snp_rescale,dm2seql,60,0.6044595281212137,0.6044595281212137,0.0
snp_rescale,dm2seql,70,0.589079823338588,0.589079823338588,0.0
snp_rescale,dm2seql,80,0.5170342770040518,0.5170342770040518,0.0
magnitude,dmsintseq,50,0.7745783950294993,0.7745783950294993,0.0
magnitude,dmsintseq,60,0.2339059155223724,0.2339059155223724,0.0
magnitude,dmsintseq,70,0.0046076332689395,0.0046076332689395,0.0
magnitude,dmsintseq,80,0.0,0.0,0.0
lnp_rescale,dmsintseq,50,0.8634939696131154,0.8634939696131154,0.0
lnp_rescale,dmsintseq,60,0.7895238343862581,0.7895238343862581,0.0
lnp_rescale,dmsintseq,70,0.3666005325536469,0.3666005325536469,0.0
lnp_rescale,dmsintseq,80,0.1019161489061765,0.1019161489061765,0.0
snp_rescale,dmsintseq,50,0.8455659687777372,0.8455659687777372,0.0
snp_rescale,dmsintseq,60,0.5739897144050541,0.5739897144050541,0.0
snp_rescale,dmsintseq,70,0.2202983866757166,0.2202983866757166,0.0
snp_rescale,dmsintseq,80,0.1192633007883882,0.1192633007883882,0.0
magnitude,multidlydmintseq,50,0.4052367818637108,0.4052367818637108,0.0
magnitude,multidlydmintseq,60,0.2329101228602037,0.2329101228602037,0.0
magnitude,multidlydmintseq,70,0.1052208259930901,0.1052208259930901,0.0
magnitude,multidlydmintseq,80,0.0462720247999817,0.0462720247999817,0.0
lnp_rescale,multidlydmintseq,50,0.5375630501112026,0.5375630501112026,0.0
lnp_rescale,multidlydmintseq,60,0.478015089694787,0.478015089694787,0.0
lnp_rescale,multidlydmintseq,70,0.3422436559132782,0.3422436559132782,0.0
lnp_rescale,multidlydmintseq,80,0.1494413817132697,0.1494413817132697,0.0
snp_rescale,multidlydmintseq,50,0.5348896277072065,0.5348896277072065,0.0
snp_rescale,multidlydmintseq,60,0.4463312894622872,0.4463312894622872,0.0
snp_rescale,multidlydmintseq,70,0.3285899894821505,0.3285899894821505,0.0
snp_rescale,multidlydmintseq,80,0.1460776236824195,0.1460776236824195,0.0
