arm,pruning_pct,n,mean,sd,sem
lnp_magnitude,50,24,0.8880163942487659,0.11713766075528109,0.023910624876139725
lnp_magnitude,60,24,0.7586515593171743,0.1815358108365969,0.037055842216005955
lnp_magnitude,70,24,0.548500858391841,0.268537835291147,0.054815056091238594
lnp_magnitude,80,24,0.37119424897871234,0.32952959910830504,0.06726494774660383
lnp_rescale,50,24,0.9126139180803964,0.10164444666392843,0.020748085792847044
lnp_rescale,60,24,0.799799167122048,0.17097153459551048,0.03489941835830019
lnp_rescale,70,24,0.5808041980979108,0.25884158201176466,0.052835816678632366
lnp_rescale,80,24,0.3776866569550867,0.32707980099481215,0.0667648848006963
lnp_shuffled,50,24,0.26276397393459616,0.3017871064929726,0.06160203515489592
lnp_shuffled,60,24,0.24044910415406726,0.27979214079023385,0.05711233158141873
lnp_shuffled,70,24,0.2078721037457695,0.23446503557193196,0.04785997497289503
lnp_shuffled,80,24,0.16977091486315413,0.17146491185815343,0.03500012857031405
lnp_uniform,50,24,0.5185570710944705,0.2787735089463873,0.056904404226987525
lnp_uniform,60,24,0.4204541201378602,0.31286473946919746,0.06386324751736089
lnp_uniform,70,24,0.3421210283085126,0.3380086026835105,0.06899571710381114
lnp_uniform,80,24,0.26811016081163447,0.31128896257515554,0.06354159340578834
magnitude,50,24,0.747875582817194,0.15159083155403147,0.030943348915964387
magnitude,60,24,0.4164201981991286,0.18622772192486953,0.03801357455640383
magnitude,70,24,0.18831976235975403,0.13968896382901744,0.028513890339932384
magnitude,80,24,0.08711283203347596,0.06289451746522534,0.012838289617363911
magnitude_gain_invdensity,50,24,0.04645787504370094,0.0318396413551353,0.006499239576108251
magnitude_gain_invdensity,60,24,0.056843456107020796,0.05505242121720178,0.011237528423909566
magnitude_gain_invdensity,70,24,0.06557885435620664,0.07148563618905292,0.014591944383451258
magnitude_gain_invdensity,80,24,0.06692891931633442,0.048444327507213746,0.009888656943745754
magnitude_gain_matchl1,50,24,0.1285658939383185,0.05806093481987701,0.011851638691474285
magnitude_gain_matchl1,60,24,0.07098588701184133,0.03381596226017808,0.006902654391554105
magnitude_gain_matchl1,70,24,0.05651951559398654,0.03697399541744482,0.007547285210395277
magnitude_gain_matchl1,80,24,0.06232572274051284,0.04518883889121215,0.009224133112692144
random,50,24,0.055807233864311044,0.035206070757157384,0.007186409100279651
random,60,24,0.0647069564495252,0.04637890978278812,0.009467055316200493
random,70,24,0.07710535470233917,0.043224916951691436,0.008823249225485242
random,80,24,0.06323503358057636,0.03523463104342917,0.007192238944302459
random_gain_invdensity,50,24,0.5714097852442743,0.24632499911634087,0.05028087989387937
random_gain_invdensity,60,24,0.43933216284911575,0.3066302989040539,0.06259064766600167
random_gain_invdensity,70,24,0.3479750067950496,0.3330858283297487,0.06799085999667984
random_gain_invdensity,80,24,0.2691377498585162,0.3031705076844046,0.06188442074060982
snp_magnitude,50,24,0.9034788256561551,0.08132092967683116,0.016599565259749174
snp_magnitude,60,24,0.7872103873398025,0.1532095257302812,0.031273763481083273
snp_magnitude,70,24,0.5792210726606616,0.24948163397945333,0.05092522528712152
snp_magnitude,80,24,0.3788213475421665,0.3131408257027366,0.06391960338379236
snp_rescale,50,24,0.9171891543674398,0.06847218914163393,0.013976827080695168
snp_rescale,60,24,0.8095279634034518,0.1412033980985028,0.028823022940701028
snp_rescale,70,24,0.5964377786653615,0.2506750661676368,0.05116883361242674
snp_rescale,80,24,0.38180097205665736,0.30992348945906545,0.06326286737312928
snp_shuffled,50,24,0.25549769861670174,0.27967857715199923,0.05708915050083466
snp_shuffled,60,24,0.22972966782198614,0.25594213179865755,0.05224396888223933
snp_shuffled,70,24,0.20092346602854536,0.2169485861205105,0.04428444470112529
snp_shuffled,80,24,0.16696929856553566,0.16303237689087705,0.03327884457798038
snp_uniform,50,24,0.5366694429813851,0.2703303496573363,0.05518095155405295
snp_uniform,60,24,0.43723084564187636,0.3086375810428929,0.06300038241683151
snp_uniform,70,24,0.35256505885507433,0.33229976761815305,0.06783040602582498
snp_uniform,80,24,0.2685376816594427,0.3049586567941798,0.06224942514918993
