arm,task_short,pruning_pct,source_network_seed,pruning_seed,post_acc_sequence_new,post_acc_sequence_ref,abs_diff
magnitude,ctxdlydm1intseq,50,0,0.0,0.5016000338562606,0.5016000338562606,0.0
lnp_rescale,ctxdlydm1intseq,50,0,0.0,0.6906514400304706,0.6906514400304706,0.0
magnitude,ctxdlydm1intseq,50,1,0.0,0.3790403703354049,0.3790403703354049,0.0
lnp_rescale,ctxdlydm1intseq,50,1,0.0,0.5210250633991035,0.5210250633991035,0.0
magnitude,ctxdlydm1intseq,50,2,0.0,0.4323509592064613,0.4323509592064613,0.0
lnp_rescale,ctxdlydm1intseq,50,2,0.0,0.4927908952702153,0.4927908952702153,0.0
magnitude,ctxdlydm1intseq,60,0,0.0,0.2090884527363346,0.2090884527363346,0.0
lnp_rescale,ctxdlydm1intseq,60,0,0.0,0.5959938928514459,0.5959938928514459,0.0
magnitude,ctxdlydm1intseq,60,1,0.0,0.1936513000478545,0.1936513000478545,0.0
lnp_rescale,ctxdlydm1intseq,60,1,0.0,0.3958936262333933,0.3958936262333933,0.0
magnitude,ctxdlydm1intseq,60,2,0.0,0.226781604330997,0.226781604330997,0.0
lnp_rescale,ctxdlydm1intseq,60,2,0.0,0.4172295812566532,0.4172295812566532,0.0
magnitude,ctxdlydm1intseq,70,0,0.0,0.0734680855912312,0.0734680855912312,0.0
lnp_rescale,ctxdlydm1intseq,70,0,0.0,0.3564966583219665,0.3564966583219665,0.0
magnitude,ctxdlydm1intseq,70,1,0.0,0.0862618456219622,0.0862618456219622,0.0
lnp_rescale,ctxdlydm1intseq,70,1,0.0,0.2392009922488695,0.2392009922488695,0.0
magnitude,ctxdlydm1intseq,70,2,0.0,0.0946380147209625,0.0946380147209625,0.0
lnp_rescale,ctxdlydm1intseq,70,2,0.0,0.2732525774706117,0.2732525774706117,0.0
magnitude,ctxdlydm1intseq,80,0,0.0,0.0317793092671747,0.0317793092671747,0.0
lnp_rescale,ctxdlydm1intseq,80,0,0.0,0.1516662814431882,0.1516662814431882,0.0
magnitude,ctxdlydm1intseq,80,1,0.0,0.0399894524726464,0.0399894524726464,0.0
lnp_rescale,ctxdlydm1intseq,80,1,0.0,0.1293569589264961,0.1293569589264961,0.0
magnitude,ctxdlydm1intseq,80,2,0.0,0.047870799300738,0.047870799300738,0.0
lnp_rescale,ctxdlydm1intseq,80,2,0.0,0.1561620022071677,0.1561620022071677,0.0
magnitude,ctxdlydm2intseq,50,0,0.0,0.4275283259132847,0.4275283259132847,0.0
lnp_rescale,ctxdlydm2intseq,50,0,0.0,0.6582782664769045,0.6582782664769045,0.0
magnitude,ctxdlydm2intseq,50,1,0.0,0.3987090092525346,0.3987090092525346,0.0
lnp_rescale,ctxdlydm2intseq,50,1,0.0,0.6680095489022996,0.6680095489022996,0.0
magnitude,ctxdlydm2intseq,50,2,0.0,0.4942468840681189,0.4942468840681189,0.0
lnp_rescale,ctxdlydm2intseq,50,2,0.0,0.3816760082201328,0.3816760082201328,0.0
magnitude,ctxdlydm2intseq,60,0,0.0,0.2052786019260644,0.2052786019260644,0.0
lnp_rescale,ctxdlydm2intseq,60,0,0.0,0.5712503786016004,0.5712503786016004,0.0
magnitude,ctxdlydm2intseq,60,1,0.0,0.1668485039944504,0.1668485039944504,0.0
lnp_rescale,ctxdlydm2intseq,60,1,0.0,0.57018215215062,0.57018215215062,0.0
magnitude,ctxdlydm2intseq,60,2,0.0,0.2774001713070467,0.2774001713070467,0.0
lnp_rescale,ctxdlydm2intseq,60,2,0.0,0.3096716832057215,0.3096716832057215,0.0
magnitude,ctxdlydm2intseq,70,0,0.0,0.0840576972555047,0.0840576972555047,0.0
lnp_rescale,ctxdlydm2intseq,70,0,0.0,0.3272811357070975,0.3272811357070975,0.0
magnitude,ctxdlydm2intseq,70,1,0.0,0.0624033141074284,0.0624033141074284,0.0
lnp_rescale,ctxdlydm2intseq,70,1,0.0,0.3274895701365571,0.3274895701365571,0.0
magnitude,ctxdlydm2intseq,70,2,0.0,0.1135641961758795,0.1135641961758795,0.0
lnp_rescale,ctxdlydm2intseq,70,2,0.0,0.1841290209118355,0.1841290209118355,0.0
magnitude,ctxdlydm2intseq,80,0,0.0,0.0496236781511866,0.0496236781511866,0.0
lnp_rescale,ctxdlydm2intseq,80,0,0.0,0.1672653728533696,0.1672653728533696,0.0
magnitude,ctxdlydm2intseq,80,1,0.0,0.0297637851692389,0.0297637851692389,0.0
lnp_rescale,ctxdlydm2intseq,80,1,0.0,0.1620968503603636,0.1620968503603636,0.0
magnitude,ctxdlydm2intseq,80,2,0.0,0.0517373335374253,0.0517373335374253,0.0
lnp_rescale,ctxdlydm2intseq,80,2,0.0,0.1088646511491576,0.1088646511491576,0.0
magnitude,dlydm1intseq,50,0,0.0,0.5989793991024964,0.5989793991024964,0.0
lnp_rescale,dlydm1intseq,50,0,0.0,0.6415652253202812,0.6415652253202812,0.0
magnitude,dlydm1intseq,50,1,0.0,0.4147208816115985,0.4147208816115985,0.0
lnp_rescale,dlydm1intseq,50,1,0.0,0.7314784058565688,0.7314784058565688,0.0
magnitude,dlydm1intseq,50,2,0.0,0.4055113751082801,0.4055113751082801,0.0
lnp_rescale,dlydm1intseq,50,2,0.0,0.5833707835896234,0.5833707835896234,0.0
magnitude,dlydm1intseq,60,0,0.0,0.3334277731100646,0.3334277731100646,0.0
lnp_rescale,dlydm1intseq,60,0,0.0,0.5155304584562679,0.5155304584562679,0.0
magnitude,dlydm1intseq,60,1,0.0,0.1840012505129057,0.1840012505129057,0.0
lnp_rescale,dlydm1intseq,60,1,0.0,0.6177142968795795,0.6177142968795795,0.0
magnitude,dlydm1intseq,60,2,0.0,0.1779082566417215,0.1779082566417215,0.0
lnp_rescale,dlydm1intseq,60,2,0.0,0.4955873828458287,0.4955873828458287,0.0
magnitude,dlydm1intseq,70,0,0.0,0.1252564528419859,0.1252564528419859,0.0
lnp_rescale,dlydm1intseq,70,0,0.0,0.3031451702195562,0.3031451702195562,0.0
magnitude,dlydm1intseq,70,1,0.0,0.0686805134918619,0.0686805134918619,0.0
lnp_rescale,dlydm1intseq,70,1,0.0,0.3267811667545933,0.3267811667545933,0.0
magnitude,dlydm1intseq,70,2,0.0,0.0711978220233559,0.0711978220233559,0.0
lnp_rescale,dlydm1intseq,70,2,0.0,0.2856412460840058,0.2856412460840058,0.0
magnitude,dlydm1intseq,80,0,0.0,0.0534561701739645,0.0534561701739645,0.0
lnp_rescale,dlydm1intseq,80,0,0.0,0.1674156717924669,0.1674156717924669,0.0
magnitude,dlydm1intseq,80,1,0.0,0.0350794922396555,0.0350794922396555,0.0
lnp_rescale,dlydm1intseq,80,1,0.0,0.1438187537857324,0.1438187537857324,0.0
magnitude,dlydm1intseq,80,2,0.0,0.0329953040635156,0.0329953040635156,0.0
lnp_rescale,dlydm1intseq,80,2,0.0,0.1298384102854686,0.1298384102854686,0.0
magnitude,dlydm2intseq,50,0,0.0,0.4605013775181226,0.4605013775181226,0.0
lnp_rescale,dlydm2intseq,50,0,0.0,0.6821775858587832,0.6821775858587832,0.0
magnitude,dlydm2intseq,50,1,0.0,0.5934823527879274,0.5934823527879274,0.0
lnp_rescale,dlydm2intseq,50,1,0.0,0.5759784286523769,0.5759784286523769,0.0
magnitude,dlydm2intseq,50,2,0.0,0.5042074548805825,0.5042074548805825,0.0
lnp_rescale,dlydm2intseq,50,2,0.0,0.6836951353745351,0.6836951353745351,0.0
magnitude,dlydm2intseq,60,0,0.0,0.2089724300982825,0.2089724300982825,0.0
lnp_rescale,dlydm2intseq,60,0,0.0,0.627207122713092,0.627207122713092,0.0
magnitude,dlydm2intseq,60,1,0.0,0.3241922142545445,0.3241922142545445,0.0
lnp_rescale,dlydm2intseq,60,1,0.0,0.5669871105987482,0.5669871105987482,0.0
magnitude,dlydm2intseq,60,2,0.0,0.2347642587780144,0.2347642587780144,0.0
lnp_rescale,dlydm2intseq,60,2,0.0,0.5870278825299439,0.5870278825299439,0.0
magnitude,dlydm2intseq,70,0,0.0,0.0844584692940463,0.0844584692940463,0.0
lnp_rescale,dlydm2intseq,70,0,0.0,0.3718712753277711,0.3718712753277711,0.0
magnitude,dlydm2intseq,70,1,0.0,0.1182353439236145,0.1182353439236145,0.0
lnp_rescale,dlydm2intseq,70,1,0.0,0.4641389371942919,0.4641389371942919,0.0
magnitude,dlydm2intseq,70,2,0.0,0.0873177149481883,0.0873177149481883,0.0
lnp_rescale,dlydm2intseq,70,2,0.0,0.3937226857369885,0.3937226857369885,0.0
magnitude,dlydm2intseq,80,0,0.0,0.0479330715071937,0.0479330715071937,0.0
lnp_rescale,dlydm2intseq,80,0,0.0,0.1606062382357347,0.1606062382357347,0.0
magnitude,dlydm2intseq,80,1,0.0,0.056530347733771,0.056530347733771,0.0
lnp_rescale,dlydm2intseq,80,1,0.0,0.1987761907553228,0.1987761907553228,0.0
magnitude,dlydm2intseq,80,2,0.0,0.0406807479630317,0.0406807479630317,0.0
lnp_rescale,dlydm2intseq,80,2,0.0,0.1853494597393462,0.1853494597393462,0.0
magnitude,dm1seqr,50,0,0.0,0.5317501643484317,0.5317501643484317,0.0
lnp_rescale,dm1seqr,50,0,0.0,0.6275929626326991,0.6275929626326991,0.0
magnitude,dm1seqr,50,1,0.0,0.5437036651327479,0.5437036651327479,0.0
lnp_rescale,dm1seqr,50,1,0.0,0.5794307360857085,0.5794307360857085,0.0
magnitude,dm1seqr,50,2,0.0,0.5839283505926307,0.5839283505926307,0.0
lnp_rescale,dm1seqr,50,2,0.0,0.6108294226000247,0.6108294226000247,0.0
magnitude,dm1seqr,60,0,0.0,0.3886791593170915,0.3886791593170915,0.0
lnp_rescale,dm1seqr,60,0,0.0,0.6243678280622507,0.6243678280622507,0.0
magnitude,dm1seqr,60,1,0.0,0.4516229814432721,0.4516229814432721,0.0
lnp_rescale,dm1seqr,60,1,0.0,0.5832514303195194,0.5832514303195194,0.0
magnitude,dm1seqr,60,2,0.0,0.4790903232945189,0.4790903232945189,0.0
lnp_rescale,dm1seqr,60,2,0.0,0.6120107786535796,0.6120107786535796,0.0
magnitude,dm1seqr,70,0,0.0,0.2058228161185131,0.2058228161185131,0.0
lnp_rescale,dm1seqr,70,0,0.0,0.60341909826409,0.60341909826409,0.0
magnitude,dm1seqr,70,1,0.0,0.2749890976782936,0.2749890976782936,0.0
lnp_rescale,dm1seqr,70,1,0.0,0.5780248247492465,0.5780248247492465,0.0
magnitude,dm1seqr,70,2,0.0,0.2842316629457748,0.2842316629457748,0.0
lnp_rescale,dm1seqr,70,2,0.0,0.6059184961955779,0.6059184961955779,0.0
magnitude,dm1seqr,80,0,0.0,0.0895194516945787,0.0895194516945787,0.0
lnp_rescale,dm1seqr,80,0,0.0,0.5791443467393922,0.5791443467393922,0.0
magnitude,dm1seqr,80,1,0.0,0.1261740335986774,0.1261740335986774,0.0
lnp_rescale,dm1seqr,80,1,0.0,0.5418974595963212,0.5418974595963212,0.0
magnitude,dm1seqr,80,2,0.0,0.1229261180574991,0.1229261180574991,0.0
lnp_rescale,dm1seqr,80,2,0.0,0.5902386794847595,0.5902386794847595,0.0
magnitude,dm2seql,50,0,0.0,0.5361921388277291,0.5361921388277291,0.0
lnp_rescale,dm2seql,50,0,0.0,0.6203212736297666,0.6203212736297666,0.0
magnitude,dm2seql,50,1,0.0,0.5177736232526023,0.5177736232526023,0.0
lnp_rescale,dm2seql,50,1,0.0,0.6148755162395612,0.6148755162395612,0.0
magnitude,dm2seql,50,2,0.0,0.4590428234558412,0.4590428234558412,0.0
lnp_rescale,dm2seql,50,2,0.0,0.5591411858201858,0.5591411858201858,0.0
magnitude,dm2seql,60,0,0.0,0.4081223862318746,0.4081223862318746,0.0
lnp_rescale,dm2seql,60,0,0.0,0.6166766548979247,0.6166766548979247,0.0
magnitude,dm2seql,60,1,0.0,0.3837435022212958,0.3837435022212958,0.0
lnp_rescale,dm2seql,60,1,0.0,0.6113025522102219,0.6113025522102219,0.0
magnitude,dm2seql,60,2,0.0,0.3546940344203134,0.3546940344203134,0.0
lnp_rescale,dm2seql,60,2,0.0,0.5493277486092474,0.5493277486092474,0.0
magnitude,dm2seql,70,0,0.0,0.2387990671860547,0.2387990671860547,0.0
lnp_rescale,dm2seql,70,0,0.0,0.6041924515027945,0.6041924515027945,0.0
magnitude,dm2seql,70,1,0.0,0.2166935914639707,0.2166935914639707,0.0
lnp_rescale,dm2seql,70,1,0.0,0.5995316388081868,0.5995316388081868,0.0
magnitude,dm2seql,70,2,0.0,0.2224259676641869,0.2224259676641869,0.0
lnp_rescale,dm2seql,70,2,0.0,0.542494495616035,0.542494495616035,0.0
magnitude,dm2seql,80,0,0.0,0.1090942845603658,0.1090942845603658,0.0
lnp_rescale,dm2seql,80,0,0.0,0.5480933335070417,0.5480933335070417,0.0
magnitude,dm2seql,80,1,0.0,0.0968022460492202,0.0968022460492202,0.0
lnp_rescale,dm2seql,80,1,0.0,0.5759572416847974,0.5759572416847974,0.0
magnitude,dm2seql,80,2,0.0,0.1084917336529567,0.1084917336529567,0.0
lnp_rescale,dm2seql,80,2,0.0,0.4986841590994958,0.4986841590994958,0.0
magnitude,dmsintseq,50,0,0.0,0.7745783950294993,0.7745783950294993,0.0
lnp_rescale,dmsintseq,50,0,0.0,0.8634939696131154,0.8634939696131154,0.0
magnitude,dmsintseq,50,1,0.0,0.5975369393828643,0.5975369393828643,0.0
lnp_rescale,dmsintseq,50,1,0.0,0.6568814284968413,0.6568814284968413,0.0
magnitude,dmsintseq,50,2,0.0,0.7352111940688143,0.7352111940688143,0.0
lnp_rescale,dmsintseq,50,2,0.0,0.7587257870829635,0.7587257870829635,0.0
magnitude,dmsintseq,60,0,0.0,0.2339059155223724,0.2339059155223724,0.0
lnp_rescale,dmsintseq,60,0,0.0,0.7895238343862581,0.7895238343862581,0.0
magnitude,dmsintseq,60,1,0.0,0.1862306166135853,0.1862306166135853,0.0
lnp_rescale,dmsintseq,60,1,0.0,0.3226387511094867,0.3226387511094867,0.0
magnitude,dmsintseq,60,2,0.0,0.1744374249464835,0.1744374249464835,0.0
lnp_rescale,dmsintseq,60,2,0.0,0.4335221636297185,0.4335221636297185,0.0
magnitude,dmsintseq,70,0,0.0,0.0046076332689395,0.0046076332689395,0.0
lnp_rescale,dmsintseq,70,0,0.0,0.3666005325536469,0.3666005325536469,0.0
magnitude,dmsintseq,70,1,0.0,0.003093510155067,0.003093510155067,0.0
lnp_rescale,dmsintseq,70,1,0.0,0.1321529264345011,0.1321529264345011,0.0
magnitude,dmsintseq,70,2,0.0,0.0025126612019004,0.0025126612019004,0.0
lnp_rescale,dmsintseq,70,2,0.0,0.1732887798256147,0.1732887798256147,0.0
magnitude,dmsintseq,80,0,0.0,0.0,0.0,0.0
lnp_rescale,dmsintseq,80,0,0.0,0.1019161489061765,0.1019161489061765,0.0
magnitude,dmsintseq,80,1,0.0,1.957917819662716e-05,1.957917819662716e-05,0.0
lnp_rescale,dmsintseq,80,1,0.0,0.0541103221427452,0.0541103221427452,0.0
magnitude,dmsintseq,80,2,0.0,0.0,0.0,0.0
lnp_rescale,dmsintseq,80,2,0.0,0.0333237612906594,0.0333237612906594,0.0
magnitude,multidlydmintseq,50,0,0.0,0.4052367818637108,0.4052367818637108,0.0
lnp_rescale,multidlydmintseq,50,0,0.0,0.5375630501112026,0.5375630501112026,0.0
magnitude,multidlydmintseq,50,1,0.0,0.3395832587097888,0.3395832587097888,0.0
lnp_rescale,multidlydmintseq,50,1,0.0,0.5159184231692266,0.5159184231692266,0.0
magnitude,multidlydmintseq,50,2,0.0,0.3839601168360485,0.3839601168360485,0.0
lnp_rescale,multidlydmintseq,50,2,0.0,0.5154006714490861,0.5154006714490861,0.0
magnitude,multidlydmintseq,60,0,0.0,0.2329101228602037,0.2329101228602037,0.0
lnp_rescale,multidlydmintseq,60,0,0.0,0.478015089694787,0.478015089694787,0.0
magnitude,multidlydmintseq,60,1,0.0,0.1796337964877546,0.1796337964877546,0.0
lnp_rescale,multidlydmintseq,60,1,0.0,0.4064937137126054,0.4064937137126054,0.0
magnitude,multidlydmintseq,60,2,0.0,0.2255671660745627,0.2255671660745627,0.0
lnp_rescale,multidlydmintseq,60,2,0.0,0.4605808588165954,0.4605808588165954,0.0
magnitude,multidlydmintseq,70,0,0.0,0.1052208259930901,0.1052208259930901,0.0
lnp_rescale,multidlydmintseq,70,0,0.0,0.3422436559132782,0.3422436559132782,0.0
magnitude,multidlydmintseq,70,1,0.0,0.0747679072084716,0.0747679072084716,0.0
lnp_rescale,multidlydmintseq,70,1,0.0,0.2495009720055878,0.2495009720055878,0.0
magnitude,multidlydmintseq,70,2,0.0,0.1081938280087399,0.1081938280087399,0.0
lnp_rescale,multidlydmintseq,70,2,0.0,0.2782508458239579,0.2782508458239579,0.0
magnitude,multidlydmintseq,80,0,0.0,0.0462720247999817,0.0462720247999817,0.0
lnp_rescale,multidlydmintseq,80,0,0.0,0.1494413817132697,0.1494413817132697,0.0
magnitude,multidlydmintseq,80,1,0.0,0.0366398890252916,0.0366398890252916,0.0
lnp_rescale,multidlydmintseq,80,1,0.0,0.1126158835807578,0.1126158835807578,0.0
magnitude,multidlydmintseq,80,2,0.0,0.0479490193652168,0.0479490193652168,0.0
lnp_rescale,multidlydmintseq,80,2,0.0,0.1189461310270044,0.1189461310270044,0.0
