arm,pruning_pct,n,mean,sd,sem,metric
lnp_mask,10,24,1.0000404332658535,0.0014136954091162944,0.0002885693670041693,sequence_retention
lnp_mask,20,24,1.0001457111269445,0.0051961890742404475,0.001060667653242833,sequence_retention
lnp_mask,30,24,0.9926671991734667,0.023805749620808506,0.004859328292952914,sequence_retention
lnp_mask,40,24,0.9491950176473023,0.07495656885737448,0.015300445547529984,sequence_retention
lnp_rescale,10,24,0.9933048625280975,0.017464238604300155,0.00356487277722927,sequence_retention
lnp_rescale,20,24,0.9887620377089373,0.02290762144255272,0.00467599864625774,sequence_retention
lnp_rescale,30,24,0.9790161464026621,0.035785122253516516,0.00730460749201923,sequence_retention
lnp_rescale,40,24,0.9598571943772546,0.0574050063333027,0.01171774784981903,sequence_retention
magnitude,10,24,1.0001363531719292,0.0014703814810693408,0.0003001403629881407,sequence_retention
magnitude,20,24,1.0001974294774092,0.009935252719675275,0.0020280249690669385,sequence_retention
magnitude,30,24,0.9899989157102156,0.03412930672777948,0.006966615563166396,sequence_retention
magnitude,40,24,0.9335078217648941,0.08509888826201434,0.01737073782667133,sequence_retention
obs,10,24,0.999944488055717,0.00044186608655019243,9.01955372240367e-05,sequence_retention
obs,20,24,0.9999965987251525,0.0017907291049547081,0.0003655310478908216,sequence_retention
obs,30,24,0.9983324817097438,0.009162400501095463,0.0018702671705587324,sequence_retention
obs,40,24,0.9908364289402525,0.02880188079521716,0.005879159298395688,sequence_retention
random,10,24,0.36476880592862,0.17681951232079574,0.03609313181280942,sequence_retention
random,20,24,0.1294352096157333,0.07561781479348487,0.015435421809026606,sequence_retention
random,30,24,0.06614723575081653,0.036605191542928864,0.007472003434751483,sequence_retention
random,40,24,0.046693916021688035,0.022412407001460334,0.004574913421763248,sequence_retention
snp_mask,10,24,0.9996558666689564,0.0070452698972527155,0.0014381096957049686,sequence_retention
snp_mask,20,24,0.9918526978577055,0.022638086606690134,0.00462098007827706,sequence_retention
snp_mask,30,24,0.9698573682946203,0.04645967770000368,0.009483541998264282,sequence_retention
snp_mask,40,24,0.94463046252843,0.0624102818606422,0.01273944543848751,sequence_retention
snp_rescale,10,24,0.9925595169775331,0.011203802205787415,0.0022869665486039852,sequence_retention
snp_rescale,20,24,0.9862191035745576,0.015692609543170075,0.003203240509458043,sequence_retention
snp_rescale,30,24,0.9765539248114582,0.02233823119521789,0.00455977234871712,sequence_retention
snp_rescale,40,24,0.9579998500806345,0.038476091045765354,0.007853899196582827,sequence_retention
snp_rescale,50,24,0.9171891543674398,0.06847218914163394,0.013976827080695172,sequence_retention
snp_rescale,60,24,0.8095279634034518,0.1412033980985028,0.028823022940701028,sequence_retention
snp_rescale,70,24,0.5964377786653615,0.25067506616763674,0.051168833612426724,sequence_retention
snp_rescale,80,24,0.38180097205665736,0.3099234894590654,0.06326286737312926,sequence_retention
lnp_mask,10,24,1.0000411569203524,0.0015740248524455393,0.00032129647757926286,floor_corrected_retention
lnp_mask,20,24,1.0001618043296878,0.005777133189624515,0.0011792523742231264,floor_corrected_retention
lnp_mask,30,24,0.9918932509680536,0.026601820376316872,0.005430073845929061,floor_corrected_retention
lnp_mask,40,24,0.9436455082686924,0.0837634136366446,0.017098135210288797,floor_corrected_retention
lnp_rescale,10,24,0.9926602154676005,0.019583280311842248,0.0039974203544921125,floor_corrected_retention
lnp_rescale,20,24,0.987663128545929,0.025629367888791367,0.005231572813134251,floor_corrected_retention
lnp_rescale,30,24,0.9768414615967779,0.04001267479599182,0.00816755304117508,floor_corrected_retention
lnp_rescale,40,24,0.9556772595808417,0.06395040162989664,0.013053821069941372,floor_corrected_retention
magnitude,10,24,1.000153077794273,0.0016532085654747187,0.0003374597853176347,floor_corrected_retention
magnitude,20,24,1.0002317659162048,0.011166652601924305,0.0022793834174697227,floor_corrected_retention
magnitude,30,24,0.9889573830082217,0.038314624824350677,0.007820940042152726,floor_corrected_retention
magnitude,40,24,0.9263569054739379,0.0950956702197891,0.019411322398872097,floor_corrected_retention
obs,10,24,0.9999403012754517,0.00048021322681547835,9.802311445277718e-05,floor_corrected_retention
obs,20,24,1.0000061227655122,0.0019929945569712396,0.00040681831039364637,floor_corrected_retention
obs,30,24,0.9981866742149085,0.010225324858684702,0.0020872356964978358,floor_corrected_retention
obs,40,24,0.9899199944820025,0.03230474865496705,0.006594179206127538,floor_corrected_retention
random,10,24,0.29593599635408285,0.1862871558553646,0.03802570645666391,floor_corrected_retention
random,20,24,0.032784344825287776,0.07131951565902951,0.014558035172254754,floor_corrected_retention
random,30,24,-0.0381361063175491,0.027068862114870047,0.005525408341598863,floor_corrected_retention
random,40,24,-0.06000638671707917,0.014222304243516498,0.0029031156969362777,floor_corrected_retention
snp_mask,10,24,0.9996241554707949,0.007883280466138474,0.001609167886774099,floor_corrected_retention
snp_mask,20,24,0.9910243402765152,0.025246377688148445,0.005153395265795809,floor_corrected_retention
snp_mask,30,24,0.9668137739670909,0.0510219482643256,0.010414811577523296,floor_corrected_retention
snp_mask,40,24,0.939028798023584,0.06782984243454619,0.013845708608168339,floor_corrected_retention
snp_rescale,10,24,0.9917417533543998,0.012464186854500015,0.0025442414876858926,floor_corrected_retention
snp_rescale,20,24,0.9847019069373459,0.01747080963955531,0.0035662140841840172,floor_corrected_retention
snp_rescale,30,24,0.9740276001269562,0.024693487830268288,0.005040537096148618,floor_corrected_retention
snp_rescale,40,24,0.9535333575451116,0.04240310739110476,0.008655498051387057,floor_corrected_retention
snp_rescale,50,24,0.9083904370907908,0.075503476563631,0.015412082615590354,floor_corrected_retention
snp_rescale,60,24,0.7895942556773093,0.1554559278690631,0.031732308397509304,floor_corrected_retention
snp_rescale,70,24,0.5539251863600437,0.27476296168593406,0.05608575469553524,floor_corrected_retention
snp_rescale,80,24,0.3151995715556826,0.3409455006690767,0.06959520889474823,floor_corrected_retention
