task_short,method,pruning_pct,n_networks,retention_mean,retention_sd,retention_sem
ctxdlydm1intseq,L-NP mask,50,3,0.6930234328566662,0.08580229816903828,0.04953797994498279
ctxdlydm1intseq,L-NP mask,60,3,0.3236293146959765,0.05591216796120908,0.03228090522337963
ctxdlydm1intseq,L-NP mask,70,3,0.13534174696772952,0.04298404349133294,0.024816849080579656
ctxdlydm1intseq,L-NP mask,80,3,0.08181108856766904,0.03457039170603738,0.01995922495747149
ctxdlydm1intseq,L-NP rescale,50,3,0.856375919831799,0.06931313660726678,0.04001795807858278
ctxdlydm1intseq,L-NP rescale,60,3,0.7002715925413027,0.10940474723885346,0.06316486026897501
ctxdlydm1intseq,L-NP rescale,70,3,0.42876086423175924,0.05575732976287929,0.03219150934789309
ctxdlydm1intseq,L-NP rescale,80,3,0.20188670830589475,0.023531183266984935,0.013585734993544171
ctxdlydm1intseq,Magnitude,50,3,0.6523825263220946,0.08515765697834045,0.04916579618000268
ctxdlydm1intseq,Magnitude,60,3,0.31483111161260385,0.05013077889833453,0.028943018691639056
ctxdlydm1intseq,Magnitude,70,3,0.12769902320763302,0.027098500972349303,0.015645326831021208
ctxdlydm1intseq,Magnitude,80,3,0.060340695191210526,0.017477462719940284,0.010090617806109172
ctxdlydm1intseq,OBS compensated,50,3,0.8961943531781742,0.06039785604953788,0.034870718448676966
ctxdlydm1intseq,OBS compensated,60,3,0.6136939704272438,0.06772850091199992,0.03910306823335297
ctxdlydm1intseq,OBS compensated,70,3,0.25030442324130225,0.019319725164308507,0.011154248524283103
ctxdlydm1intseq,OBS compensated,80,3,0.09138379913672467,0.018804472689849822,0.01085676736945376
ctxdlydm1intseq,Random,50,3,0.08189848356966503,0.013991162831236545,0.008077801626890306
ctxdlydm1intseq,Random,60,3,0.10498711971761183,0.01918364212678695,0.011075680945937891
ctxdlydm1intseq,Random,70,3,0.10521934059612481,0.012298978725942707,0.007100818678180503
ctxdlydm1intseq,Random,80,3,0.07009063579678422,0.007101137204319757,0.004099843476466478
ctxdlydm1intseq,S-NP mask,50,3,0.8573973755077571,0.06101027470246802,0.03522429852280293
ctxdlydm1intseq,S-NP mask,60,3,0.5474379652934064,0.07703936998008148,0.04447870099619922
ctxdlydm1intseq,S-NP mask,70,3,0.24943177953218665,0.044184535045563945,0.0255099532025748
ctxdlydm1intseq,S-NP mask,80,3,0.11979892802985653,0.03000745626994327,0.01732481295514767
ctxdlydm1intseq,S-NP rescale,50,3,0.8799615756095016,0.034627759513683576,0.01999234627665884
ctxdlydm1intseq,S-NP rescale,60,3,0.7304383962158147,0.07478805188474348,0.04317890188782435
ctxdlydm1intseq,S-NP rescale,70,3,0.46979535383770427,0.0814241782471896,0.04701027122955899
ctxdlydm1intseq,S-NP rescale,80,3,0.21598705260928316,0.020241197808482332,0.011686261003447738
ctxdlydm2intseq,L-NP mask,50,3,0.6423837861175857,0.08461405917281267,0.04885194984065032
ctxdlydm2intseq,L-NP mask,60,3,0.28955811957959443,0.0533317950443049,0.030791126225195385
ctxdlydm2intseq,L-NP mask,70,3,0.1255132858329821,0.03469826955574324,0.020033055268422556
ctxdlydm2intseq,L-NP mask,80,3,0.0781400871734408,0.030492224205476457,0.017604693853222258
ctxdlydm2intseq,L-NP rescale,50,3,0.8012132429966278,0.16345164136978726,0.09436884914433286
ctxdlydm2intseq,L-NP rescale,60,3,0.6502516440114983,0.20018214419184452,0.11557521483611792
ctxdlydm2intseq,L-NP rescale,70,3,0.39749878456318744,0.10543652165246666,0.060873804158469436
ctxdlydm2intseq,L-NP rescale,80,3,0.18340313490226692,0.03332320935272026,0.0192391638900553
ctxdlydm2intseq,Magnitude,50,3,0.6421211010208548,0.10349854244922926,0.05975491134379643
ctxdlydm2intseq,Magnitude,60,3,0.3173847950035645,0.0979620103550475,0.05655839304884358
ctxdlydm2intseq,Magnitude,70,3,0.12722031705106956,0.04381466390788102,0.02529640800166809
ctxdlydm2intseq,Magnitude,80,3,0.064047613532858,0.020117001125441302,0.01161455601506154
ctxdlydm2intseq,OBS compensated,50,3,0.8886084723820283,0.04991932542521934,0.028820935972014915
ctxdlydm2intseq,OBS compensated,60,3,0.593897474618562,0.08393228627933576,0.04845832807707524
ctxdlydm2intseq,OBS compensated,70,3,0.2382787468438968,0.05737034060409407,0.033122781591274235
ctxdlydm2intseq,OBS compensated,80,3,0.09324186911537513,0.029434052601927902,0.01699375819306468
ctxdlydm2intseq,Random,50,3,0.08012703468874272,0.017598045191289165,0.010160236128401999
ctxdlydm2intseq,Random,60,3,0.10036212526644916,0.014877848235908833,0.008589729683964363
ctxdlydm2intseq,Random,70,3,0.10214512027763722,0.011407964485581882,0.006586391366656391
ctxdlydm2intseq,Random,80,3,0.06909142404763453,0.008131577856908795,0.004694768664622693
ctxdlydm2intseq,S-NP mask,50,3,0.7309088928827595,0.023264434976039132,0.01343172779596074
ctxdlydm2intseq,S-NP mask,60,3,0.42087418806991833,0.04089433367464386,0.02361035455538601
ctxdlydm2intseq,S-NP mask,70,3,0.2075280406780259,0.05451703086700817,0.0314754224464863
ctxdlydm2intseq,S-NP mask,80,3,0.11549490258191053,0.034649011853709985,0.020004616320893995
ctxdlydm2intseq,S-NP rescale,50,3,0.8500883361862496,0.03881452145510726,0.022409574410572685
ctxdlydm2intseq,S-NP rescale,60,3,0.692359714168331,0.056296120248616244,0.03250258017987013
ctxdlydm2intseq,S-NP rescale,70,3,0.40783953214507257,0.08014042748493114,0.04626909738139668
ctxdlydm2intseq,S-NP rescale,80,3,0.19000231730140474,0.03765966886370314,0.021742819956051176
dlydm1intseq,L-NP mask,50,3,0.7004839632196486,0.23019126563742043,0.13290098918086535
dlydm1intseq,L-NP mask,60,3,0.32278344288165367,0.14590519494262055,0.0842384035762868
dlydm1intseq,L-NP mask,70,3,0.12584535045607562,0.06410195722242991,0.03700928225795178
dlydm1intseq,L-NP mask,80,3,0.07176776654232263,0.03585316364629357,0.020699833682487297
dlydm1intseq,L-NP rescale,50,3,0.9302573341310492,0.07466731967790297,0.04310919711570512
dlydm1intseq,L-NP rescale,60,3,0.7962904967571897,0.07737756010812527,0.04467395515766258
dlydm1intseq,L-NP rescale,70,3,0.4860967737366592,0.06685615711795667,0.0385994203090362
dlydm1intseq,L-NP rescale,80,3,0.2304254066179502,0.07197658831797733,0.04155570264073509
dlydm1intseq,Magnitude,50,3,0.7006293641207484,0.24588408372613682,0.14196124192872958
dlydm1intseq,Magnitude,60,3,0.34697153072370507,0.17400379000291957,0.10046113499820074
dlydm1intseq,Magnitude,70,3,0.1322035953195093,0.0639358738223257,0.03691339396219369
dlydm1intseq,Magnitude,80,3,0.060177869424839735,0.02394762802682674,0.013826169487741445
dlydm1intseq,OBS compensated,50,3,0.9343447773825546,0.12994965833586294,0.07502647022131037
dlydm1intseq,OBS compensated,60,3,0.6942976263132344,0.2238834755900265,0.1292591848990108
dlydm1intseq,OBS compensated,70,3,0.29385328224953816,0.1333068173188599,0.07696472686385604
dlydm1intseq,OBS compensated,80,3,0.09188322065498995,0.046963383287932564,0.027114321983343438
dlydm1intseq,Random,50,3,0.0705008839871707,0.011871118934540039,0.006853793712438755
dlydm1intseq,Random,60,3,0.08881370466708627,0.013830205729542005,0.007984873000898982
dlydm1intseq,Random,70,3,0.10196102289943043,0.016861739570339315,0.009735129879940768
dlydm1intseq,Random,80,3,0.07189458039309862,0.009736781761833693,0.005621533571235322
dlydm1intseq,S-NP mask,50,3,0.8447598372690548,0.06025871128491579,0.034790383181366076
dlydm1intseq,S-NP mask,60,3,0.5126616375835321,0.07588743054404935,0.04381362845271593
dlydm1intseq,S-NP mask,70,3,0.21255652754811738,0.05032368636321341,0.029054393868415563
dlydm1intseq,S-NP mask,80,3,0.10587001268743307,0.03716253720979897,0.02145580086184692
dlydm1intseq,S-NP rescale,50,3,0.9261838608487385,0.10146802823244376,0.05858259341414195
dlydm1intseq,S-NP rescale,60,3,0.8043153269666444,0.14139934079893135,0.08163694747349866
dlydm1intseq,S-NP rescale,70,3,0.5399438570030769,0.12959395068041693,0.07482110231068581
dlydm1intseq,S-NP rescale,80,3,0.22327756380103025,0.05029541375606709,0.029038070671068943
dlydm2intseq,L-NP mask,50,3,0.8425145066316705,0.27784544006535616,0.1604141396148434
dlydm2intseq,L-NP mask,60,3,0.4384471250316511,0.21512461265789656,0.12420225302735056
dlydm2intseq,L-NP mask,70,3,0.1679401752474996,0.08510187630232367,0.04913359119168881
dlydm2intseq,L-NP mask,80,3,0.08848801959164804,0.040251634603956275,0.02323929207391661
dlydm2intseq,L-NP rescale,50,3,0.9901505640816253,0.08042524735937842,0.046433538212579374
dlydm2intseq,L-NP rescale,60,3,0.9112164513715464,0.10504451965330078,0.06064748169872814
dlydm2intseq,L-NP rescale,70,3,0.6125206949766148,0.15133846180423255,0.08737530166141756
dlydm2intseq,L-NP rescale,80,3,0.26061567640854055,0.05861634717742184,0.03384216382179706
dlydm2intseq,Magnitude,50,3,0.7974101617150557,0.2341445277977688,0.13518340615331964
dlydm2intseq,Magnitude,60,3,0.3974281819122088,0.16078296403599932,0.09282808756729012
dlydm2intseq,Magnitude,70,3,0.1494848139138496,0.054335212381314196,0.031370449494827236
dlydm2intseq,Magnitude,80,3,0.07441984189466393,0.023842220346674704,0.013765312335231013
dlydm2intseq,OBS compensated,50,3,1.016508045189378,0.13370444014478555,0.07719429450944015
dlydm2intseq,OBS compensated,60,3,0.7725517169249376,0.2413825730378172,0.13936229352106827
dlydm2intseq,OBS compensated,70,3,0.3125358503913462,0.11886135651898135,0.06862463618247797
dlydm2intseq,OBS compensated,80,3,0.10576016726068833,0.03718569606965135,0.021469171635816818
dlydm2intseq,Random,50,3,0.09062929974846666,0.02817468619485953,0.016266662658935383
dlydm2intseq,Random,60,3,0.11154302432047292,0.028840721043315636,0.01665119805798119
dlydm2intseq,Random,70,3,0.11472771603825328,0.024537989741234497,0.014167014982474014
dlydm2intseq,Random,80,3,0.08218129484879654,0.01977674700553211,0.011418110207339089
dlydm2intseq,S-NP mask,50,3,0.9169800691882551,0.13212392669797857,0.07628178464546831
dlydm2intseq,S-NP mask,60,3,0.6047889972157781,0.2444584875215202,0.14113817357623845
dlydm2intseq,S-NP mask,70,3,0.27255454670492724,0.12101786641155313,0.06986969774946437
dlydm2intseq,S-NP mask,80,3,0.13248021198395918,0.04841579667201845,0.027952873241620043
dlydm2intseq,S-NP rescale,50,3,0.9428249894557889,0.035922247919820106,0.020739719506404613
dlydm2intseq,S-NP rescale,60,3,0.8726950735691176,0.16572358774034107,0.0956805579929565
dlydm2intseq,S-NP rescale,70,3,0.6114373554589597,0.21896719281849006,0.12642076771745192
dlydm2intseq,S-NP rescale,80,3,0.26776038900494953,0.1122982133383163,0.06483540370039094
dm1seqr,L-NP mask,50,3,0.9192222358059627,0.06369082885256036,0.03677191718293611
dm1seqr,L-NP mask,60,3,0.7448479503728495,0.09901553889685699,0.05716664803605625
dm1seqr,L-NP mask,70,3,0.43464424896233017,0.08083033207614806,0.04666741398285093
dm1seqr,L-NP mask,80,3,0.19347655963698873,0.0367716243859923,0.021230107237792464
dm1seqr,L-NP rescale,50,3,0.9978161143187817,0.005130251074084864,0.002961951838633263
dm1seqr,L-NP rescale,60,3,0.9941206358343099,0.013450445052062948,0.007765618071528813
dm1seqr,L-NP rescale,70,3,0.9828328630478455,0.019810958873021058,0.011437862438243313
dm1seqr,L-NP rescale,80,3,0.9406365834511717,0.02955938817588347,0.017066120720426962
dm1seqr,Magnitude,50,3,0.91046736212519,0.06181392883241715,0.035688288451064414
dm1seqr,Magnitude,60,3,0.7250809641027267,0.09594885760038617,0.055396098764020026
dm1seqr,Magnitude,70,3,0.4211488678095721,0.08295366388631308,0.04789332017502859
dm1seqr,Magnitude,80,3,0.18654767229742894,0.0396634697202019,0.022899714919953136
dm1seqr,OBS compensated,50,3,0.975263150161874,0.0454291743121788,0.026228546018198864
dm1seqr,OBS compensated,60,3,0.8938934491400014,0.1310079430539595,0.07563747118818268
dm1seqr,OBS compensated,70,3,0.689266974321152,0.23702260061541325,0.13684506226933402
dm1seqr,OBS compensated,80,3,0.35219746426385434,0.17019912959980996,0.09826451329029029
dm1seqr,Random,50,3,0.023815812063127422,0.010471961038012314,0.006045989524239683
dm1seqr,Random,60,3,0.013992267062161978,0.005742594546435587,0.003315488507231463
dm1seqr,Random,70,3,0.01011499086190021,0.0036604389508857445,0.002113355413646076
dm1seqr,Random,80,3,0.00901658298110019,0.0032460660821846416,0.0018741171263566168
dm1seqr,S-NP mask,50,3,0.9407437372520074,0.05347972609234987,0.030876534255605652
dm1seqr,S-NP mask,60,3,0.8639247339780315,0.13726475660658055,0.07924984417705774
dm1seqr,S-NP mask,70,3,0.6649235742237329,0.23091046933647308,0.13331622163011556
dm1seqr,S-NP mask,80,3,0.32606249774134893,0.14220853101220635,0.08210413366095859
dm1seqr,S-NP rescale,50,3,0.9941461527091273,0.005073482605040136,0.0029291765477488063
dm1seqr,S-NP rescale,60,3,0.9894717652081318,0.0064296695795372436,0.0037121714625461756
dm1seqr,S-NP rescale,70,3,0.9739486899474369,0.014524769718985382,0.008385879707173536
dm1seqr,S-NP rescale,80,3,0.9158149897654515,0.04938211389085429,0.028510776748037484
dm2seql,L-NP mask,50,3,0.8615150946621121,0.0134475817636429,0.007763964951188732
dm2seql,L-NP mask,60,3,0.6580812168748312,0.013061607097104291,0.0075411223735622895
dm2seql,L-NP mask,70,3,0.398090301514843,0.020799643802958713,0.012008679948686546
dm2seql,L-NP mask,80,3,0.18500270605306357,0.017930164542004228,0.010351985324940425
dm2seql,L-NP rescale,50,3,0.9999666124125968,0.007504539483138688,0.004332747890734297
dm2seql,L-NP rescale,60,3,0.9920784732506006,0.004987624963843162,0.0028796066154917472
dm2seql,L-NP rescale,70,3,0.9706593520884056,0.010757974949480656,0.006211119733017908
dm2seql,L-NP rescale,80,3,0.9057412306109524,0.010255860382622361,0.005921223752678239
dm2seql,Magnitude,50,3,0.8436953100428872,0.014656857128028864,0.00846214040834135
dm2seql,Magnitude,60,3,0.639759394848788,0.015388590594752342,0.008884606922329208
dm2seql,Magnitude,70,3,0.3790644491588362,0.025331900297044064,0.014625379455583152
dm2seql,Magnitude,80,3,0.17613295020168943,0.01951455299464561,0.011266732424573862
dm2seql,OBS compensated,50,3,0.9349331232309673,0.019537553835011337,0.011280011965950602
dm2seql,OBS compensated,60,3,0.7879198467049017,0.07778031473260774,0.044906485648524896
dm2seql,OBS compensated,70,3,0.5109560469929559,0.16516574008902574,0.09535848450130278
dm2seql,OBS compensated,80,3,0.24236111838166416,0.13759803358446548,0.07944226172995432
dm2seql,Random,50,3,0.021926033361121065,0.0064370073136743085,0.003716407905325452
dm2seql,Random,60,3,0.011615697730707612,0.00369395397388691,0.0021327053211976955
dm2seql,Random,70,3,0.008190673818584933,0.0018210406105034934,0.0010513782866794323
dm2seql,Random,80,3,0.008180015588725421,0.0016510826556626857,0.0009532530157011738
dm2seql,S-NP mask,50,3,0.948176264938558,0.0631088515125836,0.03643591240903826
dm2seql,S-NP mask,60,3,0.812230739263018,0.1416243419186218,0.0817668519305199
dm2seql,S-NP mask,70,3,0.5592015100204267,0.20147806096047197,0.11632341273133233
dm2seql,S-NP mask,80,3,0.26932805764450807,0.1068048345543078,0.061663799980683054
dm2seql,S-NP rescale,50,3,0.9869897918549998,0.00418134908677614,0.0024141030208260006
dm2seql,S-NP rescale,60,3,0.9785121350420339,0.009454926256082095,0.005458804219117059
dm2seql,S-NP rescale,70,3,0.962812770393865,0.010025772194858186,0.005788382275535239
dm2seql,S-NP rescale,80,3,0.880748294659877,0.019631803178461842,0.011334426849762696
dmsintseq,L-NP mask,50,3,0.9561461330046338,0.03841372645641139,0.022178175310185767
dmsintseq,L-NP mask,60,3,0.38873142152701906,0.029443034683664607,0.01699894400037325
dmsintseq,L-NP mask,70,3,0.0031322048618844,0.0019242484545602412,0.0011109653632280767
dmsintseq,L-NP mask,80,3,7.373434988423707e-06,1.2771164026255896e-05,7.373434988423707e-06
dmsintseq,L-NP rescale,50,3,0.8580821513949672,0.09702853724311415,0.05601945209638759
dmsintseq,L-NP rescale,60,3,0.630519396215183,0.17236137885214875,0.09951288847818315
dmsintseq,L-NP rescale,70,3,0.2956667185304302,0.11331615813676216,0.06542311440379384
dmsintseq,L-NP rescale,80,3,0.09036389314963306,0.030677470848886522,0.017711646052661532
dmsintseq,Magnitude,50,3,0.788267880244686,0.11073426469357743,0.0639324575293522
dmsintseq,Magnitude,60,3,0.223105458555072,0.04267376965471304,0.02463771239748466
dmsintseq,Magnitude,70,3,0.0038461667824456667,0.0013452836366726882,0.0007766998697693753
dmsintseq,Magnitude,80,3,7.373434988423707e-06,1.2771164026255896e-05,7.373434988423707e-06
dmsintseq,OBS compensated,50,3,0.9100936290851261,0.030963831395804105,0.01787697639150969
dmsintseq,OBS compensated,60,3,0.7696903945280988,0.060045802752093064,0.03466746038262811
dmsintseq,OBS compensated,70,3,0.41210428739842064,0.29479355458581674,0.17019913809548795
dmsintseq,OBS compensated,80,3,0.00016694405834299998,0.0001491352036162119,8.61032499534696e-05
dmsintseq,Random,50,3,0.0,0.0,0.0
dmsintseq,Random,60,3,0.0021307327440064313,0.002519762030752559,0.001454785286748788
dmsintseq,Random,70,3,0.07155571940986664,0.007013445486558946,0.0040492146396115735
dmsintseq,Random,80,3,0.10686457606591472,0.005986865502108051,0.0034565184092441676
dmsintseq,S-NP mask,50,3,0.9040874980405539,0.07966019993981498,0.04599183787895159
dmsintseq,S-NP mask,60,3,0.3301416837822106,0.2206614441220984,0.1273989441636651
dmsintseq,S-NP mask,70,3,0.004260146834078456,0.0007499227716768758,0.00043296811409907453
dmsintseq,S-NP mask,80,3,4.587915103903333e-05,7.946502060773218e-05,4.587915103903334e-05
dmsintseq,S-NP rescale,50,3,0.8827803320220472,0.08161986335170654,0.047123250077328246
dmsintseq,S-NP rescale,60,3,0.6690254715852794,0.06715079195649949,0.03876952781238154
dmsintseq,S-NP rescale,70,3,0.3139453750858334,0.04212614489970389,0.024321541097765225
dmsintseq,S-NP rescale,80,3,0.13255586843250125,0.019832569192655396,0.011450339162101473
multidlydmintseq,L-NP mask,50,3,0.6406757315370387,0.05853713432639836,0.03379643026093537
multidlydmintseq,L-NP mask,60,3,0.34499566034023327,0.0520595073044428,0.03005657055609934
multidlydmintseq,L-NP mask,70,3,0.14049538566016198,0.030955261345905004,0.01787202847089347
multidlydmintseq,L-NP mask,80,3,0.07152167924799803,0.005918333615580358,0.003416951506109331
multidlydmintseq,L-NP rescale,50,3,0.8670494054757238,0.05475661234323007,0.03161374487627587
multidlydmintseq,L-NP rescale,60,3,0.7236446469947536,0.0797241126272727,0.04602873788625994
multidlydmintseq,L-NP rescale,70,3,0.4723975336083848,0.07413555152934832,0.04280218063199063
multidlydmintseq,L-NP rescale,80,3,0.208420622194284,0.03973451439718679,0.022940732583334855
multidlydmintseq,Magnitude,50,3,0.6480309569460352,0.08008108870806205,0.046234838122597925
multidlydmintseq,Magnitude,60,3,0.36680014883435974,0.06230137338099027,0.03596971469239812
multidlydmintseq,Magnitude,70,3,0.16589086563511674,0.03732371026070336,0.021548854166172682
multidlydmintseq,Magnitude,80,3,0.0752286402901287,0.013074773977855251,0.007548724275708244
multidlydmintseq,OBS compensated,50,3,0.8851118225051136,0.03811510811679051,0.022005767931420693
multidlydmintseq,OBS compensated,60,3,0.6751026870869827,0.07241369949577264,0.04180806889690101
multidlydmintseq,OBS compensated,70,3,0.34631514595131624,0.06891437737489722,0.03978773432843237
multidlydmintseq,OBS compensated,80,3,0.1216102217561848,0.02679544054052172,0.015470354809124828
multidlydmintseq,Random,50,3,0.07414051861088632,0.006394270727003467,0.0036917339255067958
multidlydmintseq,Random,60,3,0.08123189886582897,0.005286599809429508,0.003052219823071951
multidlydmintseq,Random,70,3,0.10179558056360517,0.007640708465689096,0.004411365089465052
multidlydmintseq,Random,80,3,0.08623695647616053,0.007696433666903362,0.004443538049386755
multidlydmintseq,S-NP mask,50,3,0.8583128554455771,0.0464650328570409,0.026826599227917372
multidlydmintseq,S-NP mask,60,3,0.5626958986389441,0.1183175788836018,0.06831068601831228
multidlydmintseq,S-NP mask,70,3,0.2508523704557723,0.08587460580262898,0.04957972677670085
multidlydmintseq,S-NP mask,80,3,0.10592122772360058,0.02686461390878074,0.015510292071909926
multidlydmintseq,S-NP rescale,50,3,0.8745381962530653,0.04779209996229192,0.027592781778366743
multidlydmintseq,S-NP rescale,60,3,0.7394058244722608,0.06355779444250853,0.0366951097304812
multidlydmintseq,S-NP rescale,70,3,0.49177929545094345,0.09471123451526077,0.054681556742667586
multidlydmintseq,S-NP rescale,80,3,0.22826130087876154,0.03270247796363324,0.01888078445547146
